:020000040800F2
:10000000D80D00209D0100084D7200086D5F0008AA
:1000100049720008E50C00081D8700080000000078
:10002000000000000000000000000000397B000814
:10003000B71900080000000071770008417D000832
:10004000B7010008B7010008B7010008B7010008B0
:10005000B7010008B7010008B7010008B7010008A0
:10006000B7010008B7010008B7010008B701000890
:10007000B7010008B7010008B7010008B701000880
:100080008D180008B7010008B7010008B701000883
:10009000B7010008B7010008B7010008B701000860
:1000A000B7010008157E0008B7010008B701000875
:1000B000B7010008B7010008B7010008B701000840
:1000C000B7010008B7010008B7010008B701000830
:1000D000B7010008B70100087D860008B7010008D5
:1000E000B7010008B7010008B7010008B701000810
:1000F000B7010008B7010008B7010008B701000800
:10010000B7010008B7010008B7010008B7010008EF
:10011000B7010008B70100082D7E00083D7E0008E9
:100120009D180008B7010008B7010008B7010008D2
:10013000B7010008B7010008B7010008B7010008BF
:10014000B7010008B7010008B7010008B7010008AF
:10015000B7010008B7010008B7010008B70100089F
:10016000B7010008B7010008B7010008B70100088F
:10017000B7010008B7010008B7010008000000003F
:10018000B7010008B7010008DFF80CD000F086FBCB
:100190000048004789AC0008D80D00200648804779
:1001A00006480047FEE7FEE7FEE7FEE7FEE7FEE75C
:1001B000FEE7FEE7FEE7FEE7017E00088901000892
:1001C0002DE9F05F0546002092469B46884606468C
:1001D000814640241BE0284641464746224600F01F
:1001E00020FA53465A46C01A914110D31146184678
:1001F000224600F007FA2D1A67EB01084F46224607
:100200000120002100F0FEF917EB00094E41201EED
:10021000A4F10104DFDC484631462A464346BDE8E6
:10022000F09F40EA01039B0703D009E008C9121FB1
:1002300008C0042AFAD203E011F8013B00F8013BA0
:10024000521EF9D27047D2B201E000F8012B491ECC
:10025000FBD270470022F6E710B513460A46044663
:100260001946FFF7F0FF204610BD421C10F8011B95
:100270000029FBD1801A70472DE9FE4F804681EAA4
:100280000300C00F0C46009021F0004123F0004510
:10029000B8EB0200A94105D24046214690461C46D3
:1002A0000B46024623F00040104347D0270DC7F30A
:1002B0000A00C3F30A510290401A019040286BDAF9
:1002C000C3F3130040F4801B0098924620B1002332
:1002D000D2EB030A63EB0B0B01985946C0F14002C5
:1002E000504600F08FF906460D4650465946019A91
:1002F00000F0A7F910EB08006141002487EA1152D1
:1003000084EAE7731A4340D0009A62B3019A012A43
:100310004FEA075215DC001B61EB02014FF000426F
:1003200002EA0752CDE90042001C41F58011324635
:100330002B4600F0DEF903B0BDE8F08F40462146C1
:10034000F9E7001B61EB0201001C41F58013001866
:100350005B412018A2F5001747EB030140EAD57076
:10036000B6196D4111E06D084FEA360645EAC075D1
:100370004FEA0752001B61EB0201001C41F580119E
:1003800049084FEA30000019514132462B4603B06C
:10039000BDE8F04F00F09EB9009801224000002314
:1003A000D0EB020263EBE073009821464FEAE07461
:1003B000B8EB000061EB0401E9E783F000435BE781
:1003C00081F0004158E72DE9FE4F81EA030404F073
:1003D000004421F0004100944FF0000B23F0004353
:1003E00050EA01045ED052EA03045BD0C3F30A541E
:1003F000C1F30A552C44A4F2F3340194A0FB025437
:10040000C1F3130141F48011C3F3130343F48013C8
:1004100001FB024400FB034E840A970A44EA81541C
:1004200047EA8357A4FB076802958D0A05FB0785F9
:100430004FEA932C04FB0C542705029D4FEA065803
:1004400047EA1637B5EB08056EEB070C870E920EE0
:1004500047EA811742EA8312A7FB0201B6EB0B01C0
:1004600064EB00042B0D43EA0C335E1844EB1C5084
:10047000DA465146E7FB0201C5F313044FEA0B339A
:1004800043EA14534FEA0432019C43EA0603A4F101
:100490000C040294009CCDE900B400F02AF903B0EA
:1004A000BDE8F08F00200146F9E70EB5C10F80EAE4
:1004B000E0700844CA07002140F233438DE80E0083
:1004C0000A460B4600F015F903B000BD0EB540F228
:1004D000334102910021CDE900110A460B4600F09C
:1004E00008F903B000BDC1F30A5210B5C1F31301FE
:1004F00040F2FF3341F480119A4201DA002010BD2E
:1005000040F233439A42A2F2334203DC524200F0FB
:1005100088F810BD904010BD00F0004230F000405F
:100520000AD0C10D01F56071C0F3160042EA015115
:10053000C208400711437047002001467047000081
:1005400030B5041E71F1000404DB4FF0004440425A
:1005500064EB0101141E73F1000405DB1C464FF02F
:100560000043524263EB04038B4208BF824230BD1A
:1005700030B5041E71F1000404DB4FF0004440422A
:1005800064EB0101141E73F1000405DB1C464FF0FF
:100590000043524263EB0403994208BF904230BDCE
:1005A00001F0004330B421F0004150EA010206D0CE
:1005B0000A0DA2F56072C1F31301002A02DC30BCFF
:1005C00000207047440F44EAC104C100E01830BC69
:1005D00000EBC25000F047B830B50B460146002092
:1005E0002022012409E021FA02F59D4205D303FAF5
:1005F00002F5491B04FA02F52844151EA2F1010276
:10060000F1DC30BD202A04DB203A00FA02F10020A0
:1006100070479140C2F1200320FA03F31943904040
:100620007047202A04DB203A21FA02F000217047AB
:1006300021FA02F3D040C2F120029140084319464A
:100640007047202A06DBCB17203A41FA02F043EA32
:10065000E07306E041FA02F3D040C2F1200291407B
:100660000843194670470029A8BF7047401C49003D
:1006700008BF20F00100704710B4B0FA80FC00FA07
:100680000CF050EA010404BF10BC704749B1CCF132
:10069000200421FA04F411FA0CF118BF01212143BE
:1006A0000843A3EB0C01CB1D4FEA00614FEA102079
:1006B00042BF002010BC704700EBC350104400291B
:1006C000A4BF10BC7047401C490008BF20F00100C7
:1006D00010BC704710B5141E73F1000408DA401CFA
:1006E00041F1000192185B411A4301D120F0010051
:1006F00010BD2DE9F04D92469B4611B1B1FA81F241
:1007000002E0B0FA80F220329046FFF77BFF044609
:100710000F4640EA0A0041EA0B0153465A46084395
:1007200013D0114653EA010019D0C8F140025046D7
:10073000FFF777FF05460E46504659464246FFF7FB
:1007400061FF084305D0012004E020463946BDE89A
:10075000F08D0020054346EAE0762C4337430A98A3
:100760006305E40AA0EB08000022FD0A44EA4754AE
:100770000A3002D500200146E9E701051019694158
:10078000DDE9084500196941BDE8F04DA2E72DE912
:10079000F04D81EA030404F0004B21F000451446BB
:1007A0004FF0000A23F0004150EA050220D054EA3D
:1007B00001021DD0C5F30A570246C5F31303C1F366
:1007C0001300C1F30A5640F4801543F48013A7EBDD
:1007D0000608101BD64608F2FD3873EB050002D35D
:1007E00008F1010801E092185B41B8F1000F03DA4B
:1007F00000200146BDE8F08D00204FF48011064630
:1008000084460EE0171B73EB050705D3121B63EB41
:10081000050306434CEA010C49084FEA30009218E0
:100820005B4150EA0107EDD152EA030012D082EA9F
:10083000040083EA0501084305D0101BAB4106D232
:100840000122002306E000224FF0004302E06FF097
:10085000010253101AEB06004CEB085110EB0A0092
:1008600041EB0B01BDE8F04DFFF734BFC1F30A5275
:10087000C1F3130140F2FF3341F480119A4202DACE
:1008800000200146704740F233439A42A2F23342BD
:1008900002DC5242FFF7C5BEFFF7B4BE064C074D5F
:1008A00006E0E06840F0010394E807009847103440
:1008B000AC42F6D3FFF76CFCE4C9000804CA000898
:1008C00001460C2909DA064830F81100054A22F8D9
:1008D0001100104630F8110070470020FCE70000BE
:1008E000E80300200004002070B50546AC6B206CC6
:1008F00000F0500050BB206C40F400702064206871
:10090000806800F04050E8B9207ED8B92068C06AFD
:1009100000F4700020B12068806800F4806088B91D
:100920002068406820F0200021684860206C20F496
:1009300080702064206C00F4805018B9206C40F066
:1009400001002064204601F0B5FB0BE0206C00F0B4
:10095000100018B1204601F0AFFB03E0A06BC16CA2
:100960002846884770BD70B50546AC6B40202064B2
:10097000606C40F004006064204601F09DFB70BD97
:1009800070B50446A56B284601F095FB70BD0000CC
:1009900055494A6822F440324A604A6843681A431B
:1009A0004A600268526822F4807203685A600268E2
:1009B0005368026943EA022203685A600268526877
:1009C00022F0407203685A600268526883681A43D2
:1009D00003685A600268926822F4006203689A60B1
:1009E00002689268C3681A4303689A603F4B826A40
:1009F0009A4218D00268926822F0706203689A6086
:100A000002689268836A1A4303689A60026892686F
:100A100022F0405203689A6002689268C36A1A43DF
:100A200003689A600BE00268926822F070620368C3
:100A30009A600268926822F0405203689A600268E5
:100A4000926822F0020203689A6002689368027E4C
:100A500043EA420203689A602022125CA2B1026853
:100A6000526842F4006203685A600268526822F4D5
:100A7000604203685A6002685368426A521E43EA41
:100A8000423203685A6005E00268526822F400624C
:100A900003685A600268D26A22F470020368DA625C
:100AA0000268D36A828B521E43EA02520368DA62FA
:100AB0000268926822F4007203689A600268936880
:100AC00090F8302043EA422203689A6002689268F4
:100AD00022F4806203689A6002689368426943EA7C
:100AE000822203689A607047002301400100000FD2
:100AF00070B503460024501A451C084602E01E5CEF
:100B00003444401C9042FADD94FBF5F070BD0000C7
:100B10002DE9F74F88B00E461746F01900EBD0715B
:100B200049100791002006900590049000244FF092
:100B3000FF0803900290354623E00899485D069926
:100B400001440691711C8D4208D9791EA94205D92C
:100B5000A04200DD0446404500DA804607998D42F8
:100B600007D80599014405910399491CC9B203911D
:100B700006E00499014404910299491CC9B202910A
:100B80006D1CBD42D9D9B81B401C0699B1FBF0F0D1
:100B90001FFA80F903990598B0FBF1F080B201903B
:100BA00002990498B0FBF1F080B200904A48A0F896
:100BB000E29049490198A1F8E4000098A1F8E60004
:100BC0000846A0F8E840A0F8EA8000F1FC0A00F529
:100BD000847BB8F1F00F11DC0020404908704048D8
:100BE00000780AF800803E480078401C0A2190FBFB
:100BF000F1F201FB12003A49087004E0374800782E
:100C0000401C36490870092200215046FFF770FF4A
:100C100000EE900AF8EE600ACBED000A9BED000AA8
:100C20002D48D0ED430AB6EE001AF4EEC10AF1EEFB
:100C300010FA34D2F0EE080A60EE200AF1EE041A3F
:100C400080EEA11A00EE904AF8EE600A70EEC00A3B
:100C5000B4EEE01AF1EE10FA17D890ED431A00EE58
:100C6000904AF8EE600A61EE200A90ED431AF7EE22
:100C7000001A31EEC11A41EE000AFCEEE00A10EE55
:100C8000900A1549A1F8100121E004F11E00FF2887
:100C900000DC00E0FF201049A1F8100117E00E4829
:100CA00090ED431A00EE904AF8EE600A61EE200AD9
:100CB00090ED431AF7EE001A31EEC11A41EE000A28
:100CC000FCEEE00A10EE900A0349A1F81001484634
:100CD0000BB0BDE8F08F00001C01002005010020D2
:100CE0000401002000BFFEE72DE9F04F2DED0A8B37
:100CF00081B004460D469A46F948B0F810714FF09D
:100D00000008C346BFEE000AB0EE408ABFEE000AFC
:100D1000F0EE408ABFEE000AB0EE409A00EE105AA4
:100D2000B8EEC00AF0EE409ABAF1000F74D190ED1F
:100D3000490ABDEEC00A10EE109A4E4614F809009A
:100D4000B84272DB23E0032E12DBA05DB8420BDA5F
:100D5000701E205CA15D884208DC00EE106AB8EECF
:100D6000C00AB0EE408A14E0A05D8044761E0EE01A
:100D70002078B8420ADB6078B84207DBA05D804487
:100D80009FEDD80AB0EE408A002602E0761E002EC3
:100D9000D9DA00BF43E0A81EB0421ADDA05DB84218
:100DA00013DC701C205CA15D884210DC00EE106A30
:100DB000B8EEC00AF0EE408A38EE280AF0EE000ADB
:100DC00080EE201AB0EE419A2EE0A05D8044761CA1
:100DD00025E0A07FB84221DBE07FB8421EDBA05DAA
:100DE00080442846FFF761FB41EC1B0B9FEDBE0BD7
:100DF00053EC102BFFF7E1FA41EC1A0BFFF7D0FB95
:100E000008EE900A6E1E38EE280AF0EE000A80EE18
:100E1000201AB0EE419A07E0D7E006E0761CAE4219
:100E200002DABBF1000FB6D0CEE04CE0032E2ADB95
:100E3000A05DB84225DB701C205CA15D884220DCEF
:100E4000A05D804400EE106AB8EEC00AF0EE408A61
:100E500014E0A05DB8420EDA00EE106AB8EEC00AE7
:100E6000B0EE408A38EE280AF0EE000A80EE201A32
:100E7000B0EE419A04E0A05D8044761E002EE8DAD0
:100E800000BF761E1FE0BFEE000AF4EE408AF1EECE
:100E900010FA17D02078B84202DA6078B84211DB35
:100EA0002078617808448044B6EE000AB0EE408AAB
:100EB000002638EE280AF0EE000A80EE201AB0EE86
:100EC000419A02E0761E002EB0DA00BF4E465CE08A
:100ED000A81EB04228DDA05DB84223DD701C205C56
:100EE000A15D88421EDBA05D804400EE106AB8EE72
:100EF000C00AB0EE408A12E0A05DB8420EDA00EE01
:100F0000106AB8EEC00AF0EE408A38EE280AF0EE19
:100F1000000A80EE201AF0EE419A02E0761C002EC4
:100F2000EADA00BF761C30E0BFEE000AB4EE408A79
:100F3000F1EE10FA28D0681E205CB84203DAA81E31
:100F4000205CB84220DB681E215CA81E205C08449F
:100F500080442846FFF7A9FA41EC1B0B9FED620B7A
:100F600053EC102BFFF729FA41EC1A0BFFF718FB93
:100F700008EE900A6E1E38EE280AF0EE000A80EEA7
:100F8000201AF0EE419A02E0761CAE42A0DB00BFD0
:100F900000EE109AB8EEC00A30EE490AF6EE000AEA
:100FA00070EE600A00EE109AB8EEC00A39EEC00A80
:100FB000B6EE001A30EE010AF4EEC00AF1EE10FAB5
:100FC00000D801E0B0EE699A36E30AF1010000288A
:100FD00073D1434890ED490ABDEEC00A10EE109A55
:100FE0004E46012632E0A05DB8422EDBA15D701EA8
:100FF000205C814221DB00EE106AB8EEC00AB0EE40
:10100000408A12E0A05DB8420EDA00EE106AB8EE37
:10101000C00AF0EE408A38EE280AF0EE000A80EEB0
:10102000201AB0EE419A07E0761C09EB490000EB6C
:10103000D071B6EB610FE5DB00BFBFEE000AB4EE86
:10104000409AF1EE10FA00D002E0761C4E45CADB61
:1010500000BFBFEE000AB4EE409AF1EE10FA16D1CE
:101060002078B84213DB6078217888420FDC9FED4E
:101070001D0AB0EE408AB0EE000AF0EE408A38EE6B
:10108000280AF0EE000A80EE201AB0EE419ABFEE78
:10109000000AB4EE409AF1EE10FA7AD100EE105A3E
:1010A000B8EEC00AF4EE409AF1EE10FA79D114F8D5
:1010B0000900B84275DB4E4629E0DDE0032E19DB5E
:1010C000A05DB84214DA701E205CA15D88420FDC7E
:1010D00000EE106AB8EEC00AB0EE408A19E00000D7
:1010E0001C01002000000000000000000000F83F8C
:1010F000761E0CE02078B84208DB6078B84205DB49
:101100001FED080AB0EE408A002602E0761E002E8F
:10111000D4DA00BF4E463EE0A81EB04218DDA05D06
:10112000B84213DC701C205CA15D88420EDC00EE2E
:10113000106AB8EEC00AF0EE408A38EE280AF0EEE7
:10114000000A80EE201AB0EE419A29E0761C22E0D7
:10115000A07FB8421EDBE07FB8421BDB2846FFF7CA
:10116000A4F941EC1B0B1FED200B53EC102BFFF7E8
:1011700024F941EC1A0BFFF713FA08EE900A6E1EE1
:1011800038EE280AF0EE000A80EE201AB0EE419AFE
:1011900006E006E0761CAE4202DABBF1000FBBD0DF
:1011A00000BFBFEE000AB4EE409AF1EE10FA62D131
:1011B00000EE105AB8EEC00AF4EE409AF1EE10FAC2
:1011C00059D14E4654E0A81EB04226DDA05DB8427B
:1011D00021DD701C205CA15D88421CDB00EE106AE2
:1011E000B8EEC00AB0EE408A12E0A05DB8420EDA56
:1011F00000EE106AB8EEC00AF0EE408A38EE280A17
:10120000F0EE000A80EE201AF0EE419A02E0761C21
:10121000002EEADA00BF761C2AE0BFEE000AB4EE28
:10122000408AF1EE10FA22D0681E205CB84203DA40
:10123000A81E205CB8421ADB2846FFF736F941ECBD
:101240001B0B1FED570B53EC102BFFF7B6F841ECBF
:101250001A0BFFF7A5F908EE900A6E1E38EE280A61
:10126000F0EE000A80EE201AF0EE419A02E0761CC1
:10127000AE42A8DB00BFDFE1BAF1020F7ED1FE482B
:1012800090ED490ABDEEC00A10EE109A4E466E1E51
:1012900030E0A05DB8422CDB701E205CA15D88426E
:1012A0001FDB00EE106AB8EEC00AF0EE408A12E0D2
:1012B000A05DB8420EDA00EE106AB8EEC00AB0EED9
:1012C000408A38EE280AF0EE000A80EE201AB0EECE
:1012D000419A05E0761E09EBD971B6EB610FE7DCA8
:1012E00000BFBFEE000AB4EE409AF1EE10FA00D053
:1012F00002E0761E4E45CCDC00BFBFEE000AB4EE25
:10130000409AF1EE10FA25D1681E205CB84221DB2C
:10131000A81E215C681E205C814205DDE81E215C60
:10132000A81E205C814215DC681E00EE100AB8EE93
:10133000C00AB0EE408AE81E00EE100AB8EEC00AFD
:10134000F0EE408A38EE280AF0EE000A80EE201A0D
:10135000B0EE419ABFEE000AB4EE409AF1EE10FAF8
:101360007AD100EE105AB8EEC00AF4EE409AF1EECF
:1013700010FA71D114F80900B84200E0A7E06BDB65
:101380004E461FE0032E10DBA05DB8420BDA701E44
:10139000205CA15D884206DC00EE106AB8EEC00A4F
:1013A000B0EE408A10E0761E0CE02078B84208DBF0
:1013B0006078B84205DB1FEDB50AB0EE408A002622
:1013C00002E0761E002EDDDA00BF4E463EE0A81E8B
:1013D000B04218DDA05DB84213DC701C205CA15D3A
:1013E00088420EDC00EE106AB8EEC00AF0EE408AC9
:1013F00038EE280AF0EE000A80EE201AB0EE419A8C
:1014000029E0761C22E02078B8421EDB6078B842E2
:101410001BDB2846FFF749F841EC1B0B1FEDCE0BF9
:1014200053EC102BFEF7C9FF41EC1A0BFFF7B8F88D
:1014300008EE900A6E1E38EE280AF0EE000A80EEE2
:10144000201AB0EE419A06E006E0761CAE4202DABF
:10145000BBF1000FBBD000BFBFEE000AB4EE409A54
:10146000F1EE10FA32D100EE105AB8EEC00AF4EEE6
:10147000409AF1EE10FA29D14E4625E0A05DB8421F
:1014800021DB701E205CA15D88421CDB00EE106A2F
:10149000B8EEC00AF0EE408A12E0A05DB8420EDA63
:1014A00000EE106AB8EEC00AB0EE408A38EE280AA4
:1014B000F0EE000A80EE201AB0EE419A02E0761EAD
:1014C000012EEADA00BF761E012ED7DAB4E0BAF1B7
:1014D000040F7DD11FEDFD0AF0EE40AAB2EE0F0A17
:1014E000B0EE40AAB3EE0F0AB0EE40BA00264FF0BD
:1014F000010901200090831E142220212046FFF7BD
:10150000F3FBF0EE40AA0023142220212046FFF72F
:10151000EBFBB0EE40AA0123142220212046FFF766
:10152000E3FBB0EE40BA5448C0ED45AA80ED46AAB0
:1015300080ED47BABFEE000AF4EE40AAF1EE10FAD1
:1015400005D19FED4E0AF0EE40AAB146761CBFEEE3
:10155000000AB4EE40AAF1EE10FA04D1B2EE0F0A7E
:10156000B0EE40AA761CBFEE000AB4EE40BAF1EE2F
:1015700010FA06D1B3EE0F0AB0EE40BA0020009088
:10158000761CB0EE041AF0EE4A0AB0EE6A0A07F0D2
:101590009FFD20B1B2EE0F0AB0EE40AA0CE0B0EE13
:1015A000041AF0EE4A0AB0EE6A0A07F091FD18B18B
:1015B000B2EE0F0AB0EE40AAB9F1000F16D00098B3
:1015C000A0B1B2EE0F0AB0EE40AA01202A4900E015
:1015D00032E081F828013AEE8A0A30EE0B0AF0EE8A
:1015E000080A80EE201AB0EE419A0AE0B9F1000F25
:1015F00001D0009828B900211F4880F82811B0EECA
:101600004A9AB2EE0F0AB0EE408AB2EE0F0AF0EE3E
:10161000408A032E0BD1BFEE000AB0EE409ABFEE17
:10162000000AB0EE408ABFEE000AF0EE408A0120C8
:10163000114981F8290100BF38EEC80AF1EE000A0D
:10164000B4EEE00AF1EE10FA2BDDB7EE000AB4EECC
:10165000C08AF1EE10FA20D92846FEF726FF41ECA9
:101660001C0B9FED070B53EC102BFEF7A6FE41EC75
:101670001A0B18EE900A07E01C0100200000000081
:101680000000000000000040FEF746FF41EC1B0B8D
:1016900053EC1A2BFEF76CFF03D8BFEE000AB0EE36
:1016A000409ABFEE000AB4EE408AF1EE10FA0DD077
:1016B000BFEE000AF4EE408AF1EE10FA06D0BFEE5B
:1016C000000AB4EE409AF1EE10FA1FD14FF0010B70
:1016D0001F4890F8810106280ED11E480068401C62
:1016E0001C49086008460068032805DB00200860E4
:1016F0000120174981F82A01002017490860BFEE30
:10170000000A01B0BDEC0A8BBDE8F08F0020114942
:1017100008600F4890F8810107280AD10E48006838
:10172000401C0D49086008460068032801DB0020C2
:1017300008600748B0F8E2006843A0EB0800B0FB7F
:10174000F5F0034981F82B01B0EE490AD9E7000012
:101750001C010020080100200C010020F0B5F0243D
:10176000F02520B94FF4FA761A4FBE6304E0012841
:1017700002D1C826174FBE6321B94FF40C76154F1E
:101780007E6304E0012902D1C826124F7E6300EE79
:10179000102AF8EEC00A9FED100A9FED101A01EE14
:1017A000200ABCEEC00A10EE106AB4B200EE103A85
:1017B000F8EEC00A9FED080A9FED081A01EE200A14
:1017C000BCEEC00A10EE106AB5B2054E3460361D8C
:1017D0003560F0BD004001400000704385EBB14032
:1017E00034180040F021F0204FF4AF72044B9A639C
:1017F00000BF4FF49B60034A1160121D10607047D8
:1018000000400140341800404FF4FA7002498863E8
:1018100040F28A204863704700400140C8200249D6
:101820008863AA20486370470040014000B5B42394
:10183000002211461046FFF791FF00BD00B5B4230A
:10184000002201210846FFF789FF00BD10B50023E3
:101850001A4601210846FFF781FF00231A46194660
:10186000184609F045FB4FF4FA7001F06DF90023BA
:10187000B42201210846FFF771FF10BD00B5002317
:10188000B42201210846FFF769FF00BD10B50248E8
:1018900000F07AFF10BD0000F808002010B50248E3
:1018A00000F072FF10BD0000A80400200146087877
:1018B00010381823B0FBF3F20848805CC865032A8F
:1018C00005D908686FF30900001D886503E0086802
:1018D0006FF309008865886D70470000C4C900086F
:1018E000014600208A6A8B69CBB932B1012A0DD03A
:1018F000022A03D0032A10D10EE000BFCB6A03F006
:101900008073B3F1807F00D1012007E0CB6AB3F18F
:10191000C07F00D1012001E000E000BF34E08B690E
:10192000B3F5005F1AD132B1012A07D0022A03D0E1
:10193000032A11D10AE000BF01200EE0CB6A03F0B8
:101940008073B3F1807F00D1012006E0CB6AB3F150
:10195000C07F00D1012000E000BF15E032B1012AB4
:1019600005D0022A04D0032A0CD103E000BF00BF37
:10197000012008E0CB6A03F08073B3F1807F00D1CF
:10198000012000E000BF00BF704730B50468246844
:1019900024F4802405682C60046863608468402C0B
:1019A00004D10468A2600468E16003E00468A160F7
:1019B0000468E26030BD704710B5044664204443BB
:1019C00000BF0A2000F005F8201EA4F10104F8D1A0
:1019D00010BDA8224243910800BF00BF0A1EA1F11A
:1019E0000101FAD1704700007C480068006900F0EE
:1019F000010020B16FF0010078490968086177485B
:101A000001F0ECFF05207649086076A006F0A0FE04
:101A1000E2E0002004F0B2FD042810D17048006814
:101A2000052806D16FA006F093FE05206C490860DA
:101A300005E071A006F08CFE042069490860684842
:101A4000006805F0D5FE71480068401C6F490860C9
:101A500008460068322817DD002008606CA006F0F8
:101A600077FE6FA006F074FE022001F06DF87F246F
:101A700005E07048015D70A006F06AFE641E002C4F
:101A8000F7DA6EA006F064FE04216A4800F036FA28
:101A90001F2200216748FFF73BF807F049FB69491F
:101AA000D1F87C0101F050F8674803F057FE664812
:101AB000017866A006F04CFE6848018868A006F030
:101AC00047FE664841886AA006F042FE6348818866
:101AD0006BA006F03DFE6148C1886DA006F038FE9F
:101AE0005E4801896EA006F033FE5C48418970A013
:101AF00006F02EFE5948818971A006F029FE57484C
:101B0000C18973A006F024FE5448018A74A006F02F
:101B10001FFE5248418A76A006F01AFE4F48818A7D
:101B200077A006F015FE4D48C18A79A006F010FE98
:101B300005F020FE434890ED340ABDEEC00A10EED9
:101B4000101A77A006F004FE012000F09DF904466B
:101B5000214677A006F0FCFD022000F095F904462E
:101B6000214677A006F0F4FD052000F08DF904462B
:101B7000214677A006F0ECFD062000F085F904462A
:101B8000214677A006F0E4FD072000F07DF9044629
:101B9000214677A006F0DCFD082000F075F9044628
:101BA000214677A006F0D4FD0B2000F06DF9044625
:101BB000214677A006F0CCFD0C2000F065F9044624
:101BC000214677A006F0C4FD092000F05DF9044627
:101BD000214677A006F0BCFD1BE70000B8060020F8
:101BE000100000207431332E7478743D2246726FD9
:101BF0007722FFFFFF0000007431332E7478743DAC
:101C0000224261636B22FFFFFF0000000C000020F6
:101C1000636C652073302E69642C30FFFFFF000079
:101C2000616464742073302E69642C302C31323836
:101C3000FFFFFF00580900202563000001FFFFFFA0
:101C4000000000001C0100200800002048302E7613
:101C5000616C3D2564FFFFFF00000000E8030020E9
:101C60006E302E76616C3D2564FFFFFF00000000A2
:101C70006E312E76616C3D2564FFFFFF0000000091
:101C80006E322E76616C3D2564FFFFFF0000000080
:101C90006E332E76616C3D2564FFFFFF000000006F
:101CA0006E342E76616C3D2564FFFFFF000000005E
:101CB0006E352E76616C3D2564FFFFFF000000004D
:101CC0006E362E76616C3D2564FFFFFF000000003C
:101CD0006E372E76616C3D2564FFFFFF000000002B
:101CE0006E382E76616C3D2564FFFFFF000000001A
:101CF0006E392E76616C3D2564FFFFFF0000000009
:101D00006E31302E76616C3D2564FFFFFF000000D0
:101D10006E31312E76616C3D2564FFFFFF000000BF
:101D2000544C302E76616C3D2564FFFFFF000000AF
:101D300047312E76616C3D2564FFFFFF00000000F7
:101D400047322E76616C3D2564FFFFFF00000000E6
:101D500047352E76616C3D2564FFFFFF00000000D3
:101D600047362E76616C3D2564FFFFFF00000000C2
:101D700047372E76616C3D2564FFFFFF00000000B1
:101D800047382E76616C3D2564FFFFFF00000000A0
:101D90004A312E76616C3D2564FFFFFF0000000094
:101DA0004A322E76616C3D2564FFFFFF0000000083
:101DB00051312E76616C3D2564FFFFFF000000006D
:101DC00000B5B423002201210846FFF7C7FC00BD7F
:101DD00072B600BFFEE7000070B51FA006F0B8FCA9
:101DE0000026012400252EE0002004F0C7FB032874
:101DF00006D004280DD0052807D0062818D10DE0FC
:101E0000641C112C00D1012412E0641E04B91024BA
:101E10000EE0012614A006F09BFC09E00524012633
:101E2000214615A006F094FC0FA006F091FC00BF1F
:101E300000BF6D1C42F21070854204D1002521467E
:101E40000DA006F085FC002ECED04FF4FA7000F005
:101E50007BFE204670BD000074302E7478743D22E5
:101E60006E6F22FFFFFF000074302E7478743D22E5
:101E70006F6B22FFFFFF000043302E76616C3D2523
:101E800064FFFFFF0000000001460D2928D2DFE8B3
:101E900001F027070A27270E1115181C27202300F9
:101EA000124A10681FE0114A121D10681BE0104A08
:101EB000106818E00E4A121D106814E00D4A1068F0
:101EC00011E00C4A121D10680DE0094A2432106816
:101ED00009E0094A106806E0074A121D106802E08E
:101EE0004FF0FF3000BF00BF7047000018024042B3
:101EF000100241420082404208024242F0B50646CA
:101F00000D46802090FBF5F7002409E0601C684333
:101F1000421E04FB05F13046FEF7EAFD3055641C15
:101F2000BC42F3D33846F0BD38B5024600200090DD
:101F300000BF92F83C00012801D1022038BD0120E9
:101F400082F83C0000BF0868092816D91068C068EC
:101F50000C780A3C04EB44050724AC40A043146809
:101F6000E0600C780A3C04EB44048868A0401468E4
:101F7000E46820431468E06013E0106800690C789E
:101F800004EB44050724AC40A043146820610C789E
:101F900004EB44048868A040146824692043146852
:101FA00020614868072817D21068406B0C79641EBE
:101FB00004EB84051F24AC40A043146860630888C8
:101FC00080B20C79641E04EB8404A0401468646B36
:101FD00020431468606331E048680D2817D2106808
:101FE000006B0C79E41F04EB84051F24AC40A04374
:101FF00014682063088880B20C79E41F04EB840421
:10200000A0401468246B20431468206316E0106815
:10201000C06A0C790D3C04EB84051F24AC40A0433E
:102020001468E062088880B20C790D3C04EB8404EB
:10203000A0401468E46A20431468E062194B1A4C0B
:102040001068A04206D10868122803D1586840F4ED
:1020500080005860144C1068A0421CD108681028F9
:1020600002D00868112816D1586840F40000586062
:10207000086810280FD10D4800680D4CB0FBF4F033
:1020800000EB80004000009002E00098401E0090AD
:1020900000980028F9D100BF002082F83C0000BF62
:1020A00000BF4BE700230140002001402C0000202E
:1020B00040420F0070477047704701460868C06C87
:1020C0007047000070B5044600250CB9012070BDB2
:1020D0001549A06A884200D000BF206C30B9204664
:1020E00000F024F80020606484F83C00206C00F0CC
:1020F000100088B9206C20F4885040F00200206461
:102100002046FEF745FC00206064206C20F00200B1
:1021100040F00100206400E0012500BF002084F8A9
:102120003C0000BF2846D2E70100000F10B586B082
:102130000446142101A8FEF78DF84E492068884214
:102140002CD100BF002000904B48006840F4007084
:10215000494908600846006800F40070009000BF1C
:1021600000BF00BF0020009043481438006840F0D2
:1021700001004149143908600846006800F0010078
:10218000009000BF00BF302001900320029000208B
:10219000039001A9394800F0EBFC68E03849206859
:1021A000884264D100BF002000903348006840F4AA
:1021B0008060314908600846006800F48060009043
:1021C00000BF00BF00BF002000902B4814380068FB
:1021D00040F020002849143908600846006800F0E3
:1021E0002000009000BF00BF00BF00200090084604
:1021F000006840F0040008600846006800F0040031
:10220000009000BF00BF4FF4FF60019003200290D8
:102210000020039001A91B4800F0AAFC0F200190A8
:10222000032002900020039001A9174800F0A0FCB1
:1022300016481749086080054860002114488160ED
:10224000C1604FF480610161490041618900816191
:102250004911C16100210162416200F0B5FB08B182
:10226000FFF7B6FD00BF0A48A063846300BF06B055
:1022700010BD00000021014044380240000002402F
:102280000022014000140240000802401064024095
:10229000A804002070B504460D460026206880681A
:1022A00000F48060B0F5806F11D12068806800F480
:1022B0008070B0F5807F0AD1206C40F0200020644F
:1022C00000BF002084F83C0000BF012070BD00F07A
:1022D00057FD064618E0681CB0B125B100F050FD6E
:1022E000801BA84210D92068006800F00200022874
:1022F0000AD0206C40F00400206400BF002084F865
:102300003C0000BF0320E1E72068006800F0020005
:102310000228E0D16FF0120021680860206C40F4C0
:10232000007020642068806800F04050B8B9207EBA
:10233000A8B92068C06A00F4700020B120688068E5
:1023400000F4806058B9206C20F480702064206C08
:1023500000F4805018B9206C40F001002064002087
:10236000B4E7000008B501460020009000BF91F8D6
:102370003C00012801D1022008BD012081F83C0069
:1023800000BF0868806800F00100A0B90868806894
:1023900040F001000B6898603F4800683F4BB0FB7D
:1023A000F3F000EB4000009002E00098401E009027
:1023B00000980028F9D10868806800F00100002822
:1023C00060D0086C40F20163984340F48070086468
:1023D0000868406800F4806028B1086C20F4005060
:1023E00040F480500864086C00F48050B0F5805FC1
:1023F00004D1486C20F00600486401E000204864E5
:1024000000BF002081F83C0000BF254A6FF0220089
:102410000B681860506800F01F0018BB214B08685B
:10242000984213D0204B0868984204D1101D0068D0
:1024300000F01F0050B11D4B086898422AD118487F
:10244000001D006800F01F00102823D20868806873
:1024500000F04050F0B90868806840F080400B6898
:10246000986017E00F4B0868984213D1086880689D
:1024700000F0405070B90868806840F080400B68F8
:10248000986007E0086C40F010000864486C40F069
:102490000100486400206FE72C00002040420F003C
:1024A00000230140002001400021014000220140A2
:1024B000F8B504460D4616460020009000BF94F87B
:1024C0003C00012801D10220F8BD012084F83C0025
:1024D00000BF2068806800F00100A0B92068806813
:1024E00040F0010021688860554800685549B0FBFC
:1024F000F1F000EB4000009002E00098401E0090D8
:1025000000980028F9D12068806800F48070B0F548
:10251000807F05D12068806820F480702168886001
:102520002068806800F0010000287ED0206C40F216
:102530000161884340F4807020642068406800F4A2
:10254000806028B1206C20F4005040F4805020645A
:10255000206C00F48050B0F5805F04D1606C20F0F6
:102560000600606401E00020606400BF002084F881
:102570003C0000BF344F3548A16BC8633448A16BA1
:1025800008643448A16BC8646FF0220021680860B9
:102590002068406840F0806021684860206880685A
:1025A00040F4807021688860226802F14C01334653
:1025B0002A46A06B00F07EFA786800F01F0018BB76
:1025C00025492068884213D024492068884204D1D4
:1025D000381D006800F01F0050B121492068884272
:1025E0002BD11948001D006800F01F00102824D2CC
:1025F0002068806800F04050F8B92068806840F09A
:1026000080402168886018E013492068884214D10E
:102610002068806800F0405078B92068806840F0F9
:1026200080402168886008E0FFE7206C40F01000DF
:102630002064606C40F001006064002044E700000A
:102640002C00002040420F0000230140E908000850
:1026500081090008670900080020014000210140AD
:1026600000220140014600BF91F83C00012801D141
:1026700002207047012081F83C0000BF0868806894
:1026800020F001000A6890600868806800F001008E
:1026900028B9086C20F4885040F00100086400BF9D
:1026A000002081F83C0000BF00BFE2E770B504469F
:1026B000A56D00F065FB064694F83500022808D0A9
:1026C0008020606500BF002084F8340000BF012036
:1026D00070BD2068006820F016002168086020683E
:1026E000406920F0800021684861206C08B9A06C26
:1026F00028B12068006820F0080021680860206880
:10270000006820F001002168086010E000F038FB4C
:10271000801B05280BD920206065032084F8350034
:1027200000BF002084F8340000BF0320D0E72068F9
:10273000006800F001000028E8D194F85C103F2008
:102740008840A860012084F8350000BF002084F88C
:10275000340000BF00BFBBE7014691F835000228F6
:1027600003D08020486501207047052081F835009E
:102770000868006820F001000A6810600020F3E794
:102780000146486D70470000F8B5044600200090EF
:102790008C4800684FF41651B0FBF1F7A56D2E6818
:1027A00094F85C1008208840304098B12068006898
:1027B00000F0040070B12068006820F00400216877
:1027C000086094F85C1008208840A860606D40F0B4
:1027D0000100606594F85C1001208840304068B1C9
:1027E0002068406900F0800040B194F85C1001203E
:1027F0008840A860606D40F00200606594F85C104D
:1028000004208840304068B12068006800F0020071
:1028100040B194F85C1004208840A860606D40F0DE
:102820000400606594F85C1010208840304078B354
:102830002068006800F0080050B394F85C10102085
:102840008840A8602068006800F4802080B120687B
:10285000006800F4002028B9206CC8B12046216C23
:10286000884715E0A06C98B12046A16C88470FE01E
:102870002068006800F4807028B92068006820F0A3
:10288000080021680860206C10B12046216C884740
:1028900094F85C10202088403040002865D02068E3
:1028A000006800F0100000285FD094F85C10202031
:1028B0008840A86094F83500052828D12068006871
:1028C00020F01600216808602068406920F0800030
:1028D00021684861206C08B9A06C28B120680068A4
:1028E00020F008002168086094F85C103F208840C0
:1028F000A860012084F8350000BF002084F834006F
:1029000000BF206D10B12046216D8847F8BD2068BA
:10291000006800F4802080B12068006800F4002086
:1029200028B9606C10B12046616C88471DE0E06BEF
:10293000D8B12046E16B884717E02068006800F4B2
:10294000807068B92068006820F010002168086075
:10295000012084F8350000BF002084F8340000BF57
:10296000E06B10B12046E16B8847606D38B3606D55
:1029700000F00100F0B1052084F8350020680068FF
:1029800020F001002168086000BF0098401C009002
:10299000B84200D905E02068006800F00100002876
:1029A000F3D100BF012084F8350000BF002084F877
:1029B000340000BFE06C10B12046E16C884700BFD6
:1029C000A4E700002C0000202DE9F041044600257A
:1029D00000F0D6F9074614B90120BDE8F081606A1D
:1029E00000B100BF022084F8350000BF002084F849
:1029F000340000BF2068006820F0010021680860F2
:102A00000AE000F0BDF9C01B052805D9202060654B
:102A1000032084F83500E0E72068006800F001003A
:102A20000028EED12068056821480540D4E901015D
:102A30000843E16808432169084361690843A169C3
:102A40000843E1690843216A08430543606A042892
:102A500003D1D4E90B0108430543206805602068D1
:102A6000456925F00705606A0543606A04280DD1B1
:102A7000A06A0543E06A48B12046FEF731FF28B15D
:102A800040206065012084F83500A6E72068456194
:102A90002046FEF70BFF064694F85C103F20884066
:102AA000B06000206065012084F83500002094E7C4
:102AB0003F8010F02DE9F04704460D4616461F46AC
:102AC0004FF00008D4F8589000BF94F83400012863
:102AD00002D10220BDE8F087012084F8340000BF55
:102AE00094F83500012825D1022084F83500002013
:102AF00060653B46324629462046FEF746FF94F87D
:102B00005C103F208840C9F808002068006840F049
:102B1000160021680860206C28B12068006840F029
:102B20000800216808602068006840F00100216802
:102B3000086006E000BF002084F8340000BF4FF0BA
:102B400002084046C6E7000070B5044600F018F9D8
:102B500006462546681C10B104480078054400BFAD
:102B600000F00EF9801BA842FAD370BD28000020A7
:102B7000F8B502460B460025002400200021D6E0CF
:102B8000012606FA01F51E6806EA0504AC4274D176
:102B90001E7906F00306012E04D01E7906F0030606
:102BA000022E13D190684F000326BE40B0434F0061
:102BB000DE68BE4030439060506801268E40B043CE
:102BC0001E79C6F300168E40304350601E7906F021
:102BD0000306032E09D0D0684F000326BE40B04341
:102BE0004F009E68BE403043D0601E7906F0030659
:102BF000022E13D1CF0802F1200656F827004E0707
:102C0000F70E0F26BE40B0434F07FF0E1E69BE40B1
:102C10003043CF0802F1200646F8270010684F0025
:102C20000326BE40B0431E7906F003064F00BE40A7
:102C3000304310605E6806F44036002E76D000BF48
:102C4000002600963C4E366846F480463A4F3E6079
:102C50003E46366806F48046009600BF00BF374EF9
:102C60008F0856F827008E07370F0F26BE40B04357
:102C7000334EB24202D1002624E057E0314EB24238
:102C800001D101261EE0304EB24201D1022619E0E8
:102C90002E4EB24201D1032614E02D4EB24201D194
:102CA00004260FE02B4EB24201D105260AE02A4E3F
:102CB000B24201D1062605E0284EB24201D10726D4
:102CC00000E008268F073F0FBE4030431B4E8F08A1
:102CD00046F82700224E3068A0435E6806F480164E
:102CE00006B120431E4E3060361D3068A0435E683A
:102CF00006F4001606B12043194E361D3060184EFA
:102D0000361F3068A0435E6806F4003606B12043E3
:102D1000134E361F3060361F3068A0435E6806F4DD
:102D2000803606B120430E4E083E3060491C102903
:102D3000FFF426AFF8BD00004438024008380140D7
:102D4000000002400004024000080240000C024063
:102D5000001002400014024000180240001C024013
:102D6000083C0140024613690B400BB1012000E012
:102D7000002070470AB1816101E00B048361704754
:102D800001480068704700002000002003480068E8
:102D90000349097808440149086070472000002071
:102DA0002800002010B50D48006840F400700B4961
:102DB00008600846006840F48060086008460068C3
:102DC00040F480700860032000F0AAF8032000F0AF
:102DD00007F800F02BF8002010BD0000003C024076
:102DE00070B504460E4800784FF47A71B1FBF0F0EC
:102DF0000C490968B1FBF0F5284600F033FC08B136
:102E0000012070BD102C07D200222146501E00F078
:102E100049F80548046001E00120F2E70020F0E7EE
:102E2000280000202C0000202400002008B500BF4E
:102E3000002000901048006840F480400E4908606F
:102E40000846006800F48040009000BF00BF00BF4B
:102E500000200090081F006840F08050091F0860A3
:102E60000846006800F08050009000BF00BF0520B9
:102E700000F056F808BD00004438024001460846FC
:102E800000280DDB00BF00BF00F01F0301229A40A5
:102E900043099B0003F1E023C3F8002100BF00BFFA
:102EA00000BF70472DE9F05F80460D4616460027AB
:102EB00005F074FC074639462A46334601F0070000
:102EC000C0F1070ABAF1040F02D94FF0040A01E079
:102ED000C0F1070AD14600F1040ABAF1070F02D285
:102EE0004FF0000A01E0A0F1030AD4464FF0010AB6
:102EF0000AFA09FAAAF1010A0AEA020A0AFA0CFA1B
:102F00004FF0010B0BFA0CFBABF1010B0BEA030BBF
:102F10004AEA0B042146404605F048FCBDE8F09F14
:102F200000BF00F00702064B19684FF6FF03194077
:102F3000044B0B4343EA0221014B196000BF704769
:102F40000CED00E00000FA0570B504460D460CB922
:102F5000012070BD5848006800F00700A84209D25F
:102F600055490D700846006800F00700A84201D0DE
:102F70000120EEE7207800F0020002281DD1207821
:102F800000F00400042805D14C48006840F4E050EB
:102F90004A490860207800F00800082805D1474811
:102FA000006840F46040454908604448006820F0EB
:102FB000F000A168084341490860207800F0010052
:102FC000A8B36068012807D13C4808380068C0F3FE
:102FD0004040B8B90120BCE76068022802D06068B0
:102FE000032807D1354808380068C0F3406048B965
:102FF0000120AEE7314808380068C0F3400008B946
:103000000120A6E72D48006820F00300616808430E
:103010002A490860FFF7B4FE064609E0FFF7B0FE54
:10302000801B41F28831884202D9032091E707E0F2
:103030002248006800F00C006168B0EB810FEDD110
:103040001D48006800F00700A84209D91A490D7010
:103050000846006800F00700A84201D0012078E788
:10306000207800F00400042807D11448006820F4F8
:10307000E050E168084311490860207800F008003A
:10308000082808D10D48006820F46040216940EA12
:10309000C1000A49086000F03FF808490968C1F317
:1030A0000311074A515CC840064908600648006899
:1030B000FFF796FE00204CE7003C02400838024033
:1030C000CCC900082C000020240000200148006822
:1030D000704700002C00002000B5FFF7F7FF0449FF
:1030E0000968C1F38221034A515CC84000BD000059
:1030F00008380240DCC9000800B5FFF7E7FF0449C3
:103100000968C1F34231034A515CC84000BD000068
:1031100008380240DCC900082DE9F04700240025EA
:103120000026A1462548006800F00C0020B10428C4
:1031300005D008283AD105E0DFF8849039E0DFF8BF
:10314000849036E01D48001F006800F03F041B48D3
:10315000001F006800F4800078B11A481749091F61
:103160000968C1F38811A0FB0170014622460023C3
:103170003846FDF725F805460EE011480F49091FAE
:103180000968C1F38811A0FB0170014622460023A3
:103190003846FDF715F805460848001F0068C0F3DB
:1031A0000140401C4600B5FBF6F902E0DFF8109044
:1031B00000BF00BF4846BDE8F08700000838024065
:1031C0000024F40000127A00F8B504460CB901207E
:1031D000F8BD207800F00100002874D0F94800689C
:1031E00000F00C0004280DD0F648006800F00C0038
:1031F000082813D1F348001F006800F48000B0F5E0
:10320000800F0BD1EF4808380068C0F34040002819
:1032100059D06068002856D10120D9E700BF606806
:10322000B0F5803F08D1E7480838006840F48030A6
:10323000E449083908601EE06068B0F5A02F0DD1A0
:10324000E0480838006840F48020DE49083908600A
:103250000846006840F4803008600CE0D94808381F
:10326000006820F48030D7490839086008460068B3
:1032700020F48020086000BF606890B1FFF780FDF7
:10328000054606E0FFF77CFD401B642801D90320BA
:103290009EE7CC4808380068C0F340400028F1D0D1
:1032A00011E0FFF76DFD054606E0FFF769FD401BE5
:1032B000642801D903208BE7C24808380068C0F3AE
:1032C00040400028F1D1207800F0020002285FD1B0
:1032D000BC48006800F00C0058B1BA48006800F023
:1032E0000C0008281CD1B748001F006800F48000BB
:1032F000B0B9B44808380068C0F3400020B1E068B5
:10330000012801D0012063E7AE480838006820F0AA
:10331000F800216940EAC100AA490839086037E08D
:10332000E06800B30120A8490860FFF729FD0546C1
:1033300006E0FFF725FD401B022801D9032047E7DF
:10334000A04808380068C0F340000028F1D09D482C
:103350000838006820F0F800216940EAC100994966
:103360000839086014E0002097490860FFF708FD5D
:10337000054606E0FFF704FD401B022801D90320A3
:1033800026E7904808380068C0F340000028F1D1D3
:10339000207800F0080008282CD16069A8B101202D
:1033A0008A490860FFF7ECFC054606E0FFF7E8FCF9
:1033B000401B022801D903200AE782486C300068CC
:1033C000C0F340000028F1D014E000207F490860DD
:1033D000FFF7D6FC054606E0FFF7D2FC401B0228AB
:1033E00001D90320F4E677486C300068C0F3400050
:1033F0000028F1D1207800F00400042870D10027C3
:1034000070483830006800F0805090B900BF00204C
:1034100000906C483830006840F08050694938317D
:1034200008600846006800F08050009000BF00BFB0
:1034300001276748006800F48070B0B964480068EC
:1034400040F4807062490860FFF79AFC054606E088
:10345000FFF796FC401B022801D90320B8E65C4820
:10346000006800F480700028F2D000BFA068012836
:1034700008D154486830006840F001005149683173
:1034800008601DE0A06805280DD14E48683000682E
:1034900040F004004B49683108600846006840F07D
:1034A000010008600CE047486830006820F0010027
:1034B0004449683108600846006820F0040008604C
:1034C00000BFA068A8B1FFF75BFC054609E0FFF765
:1034D00057FC401B41F28831884202D9032077E62D
:1034E00026E0384868300068C0F340000028EED07D
:1034F00013E0FFF745FC054608E0FFF741FC401BE1
:1035000041F28831884201D9032061E62D486830B4
:103510000068C0F340000028EFD1012F07D12948EF
:103520003830006820F0805026493831086000BFEC
:10353000A069002845D02348006800F00C00082846
:103540005DD0A069022845D100201F490866FFF719
:1035500017FC054606E0FFF713FC401B022801D9C3
:10356000032035E6174808380068C0F3406000289B
:10357000F1D1D4E907010843616A40EA81110122CF
:10358000A06AC2EB500041EA00412C20005D41EAF4
:1035900000600C49091F086001200B490866FFF70D
:1035A000EFFB054606E0FFF7EBFB401B022801D9C5
:1035B00003200DE6034808380068C0F34060002887
:1035C000F1D049E00838024000004742800E4742EF
:1035D00000700040002021490866FFF7D1FB054636
:1035E00006E0FFF7CDFB401B022801D90320EFE5E1
:1035F0001B480068C0F340600028F2D12CE0A069AD
:10360000012800D1E4E51648001D0668A0690128DC
:1036100020D006F48001E06981421BD106F03F0111
:10362000206A814216D147F6C0703040616AB0EB23
:10363000811F0FD106F440310122A06AC2EB500075
:10364000B1EB004F06D106F070612C20005DB1EBAC
:10365000006F01D00120BBE50020B9E50000474222
:103660000038024070B504462546681EB0F1807FE0
:1036700001D301200FE0681E4FF0E02148610F21C7
:103680004FF0FF3005F092F800204FF0E021886104
:1036900007200861002070BD7047704730B50246B2
:1036A0000B4600BF92F83C00012801D1022030BD3A
:1036B000012082F83C0000BF022082F83D00106823
:1036C00044681068816824F0700418680443106826
:1036D0004460184D1068A8421BD01068B0F1804FAC
:1036E00017D0154D1068A84213D0144D1068A84289
:1036F0000FD0134D1068A8420BD0124D1068A8428D
:1037000007D0114D1068A84203D0104D1068A84290
:1037100005D121F0800158680143106881600120C3
:1037200082F83D0000BF002082F83C0000BF00BFCF
:10373000BDE7000000000140000400400008004018
:10374000000C00400004014000400140001800400F
:1037500010B504460CB9012010BD94F83D0028B9FD
:10376000002084F83C00204600F026F8022084F86F
:103770003D00211D206804F069FB012084F846000B
:1037800000BF84F83E0001213F2001554020015533
:103790004120015500BF00BF012084F842004320B2
:1037A0000155442001554520015500BF012084F8F2
:1037B0003D000020D0E7000038B504465549206898
:1037C00088420FD100BF002000905348006840F0AD
:1037D0000400514908600846006800F004000090A9
:1037E00000BF96E04D49206888420FD100BF0020FD
:1037F00000904948006840F00800474908600846C2
:10380000006800F00800009000BF82E04449206892
:10381000884218D100BF002000903F48006840F067
:1038200010003D4908600846006800F01000009054
:1038300000BF00BF012200213620FFF733FB3620F6
:10384000FFF71CFB65E037492068884218D100BFAC
:10385000002000903048006840F020002E490860A9
:103860000846006800F02000009000BF00BF022260
:1038700000213720FFF716FB3720FFF7FFFA48E05B
:1038800029492068884211D100BF002000902248B9
:10389000001D006840F480301F49091D086008467B
:1038A000006800F48030009000BF32E01F492068BB
:1038B00088421AD100BF002000901748001D006800
:1038C00040F400301449091D08600846006800F4FF
:1038D0000030009000BF00BF002202211920FFF736
:1038E000E1FA1920FFF7CAFA13E01149206888426B
:1038F0000FD100BF002000900748006840F0400052
:10390000054908600846006800F04000009000BFCC
:1039100000BF38BD0008004040380240000C0040A5
:1039200000100040001400400040014000440140ED
:1039300000180040014691F83D00012801D0012007
:103940007047022081F83D000868C06840F001001F
:103950000B68D8601A4B086898421BD00868B0F111
:10396000804F17D0174B0868984213D0164B086841
:1039700098420FD0154B086898420BD0144B08683A
:10398000984207D0134B0868984203D0124B08683E
:1039900098420CD10868806800F00702062A0CD013
:1039A0000868006840F001000B68186005E00868CE
:1039B000006840F001000B6818600020C0E70000BC
:1039C000000001400004004000080040000C0040DE
:1039D0000004014000400140001800400146086812
:1039E000C06820F001000A68D06000BF0868006A63
:1039F00041F21112104050B90868006A921010404C
:103A000028B90868006820F001000A68106000BF4B
:103A1000012081F83D00002070472DE9F041044667
:103A20000D46002700BF94F83C00012802D1022077
:103A3000BDE8F081012084F83C0000BF022084F83A
:103A40003D002068866826F0770626F47F462068C9
:103A500086602868502833D00CDC202850D004DC45
:103A600000284BD0102851D149E0302849D04028B7
:103A70004CD139E060282DD0702807D0B0F5805F98
:103A800003D0B0F5005F41D10DE041E0D5E902136C
:103A90006A68206804F05FFA2068866846F0770656
:103AA0002068866034E0D5E902136A68206804F073
:103AB00052FA2068806840F480402168886027E0DE
:103AC000EA686968206804F037FB5021206804F038
:103AD0004DFA1DE0EA686968206804F040FB602147
:103AE000206804F043FA13E0EA686968206804F08B
:103AF00023FB4021206804F039FA09E000BF00BF31
:103B000000BF2968206804F031FA01E0012700BFF6
:103B100000BF012084F83D0000BF002084F83C0075
:103B200000BF384684E72DE9F04104460D4614B93C
:103B30000120BDE8F08194F83D0028B9002084F808
:103B40003C00204600F054F8022084F83D00206834
:103B5000806844F20701884321688860211D20683D
:103B600004F074F92068D0F808802068866920681D
:103B7000076A286840EA080840F203308643A969CA
:103B8000A86840EA0120064340F60C4086434FF205
:103B9000F0008643E969E86840EA012006432869A5
:103BA0000001296A40EA0130064327F0220727F086
:103BB00088076969686840EA011007432068C0F80F
:103BC00008802068866120680762012084F846002A
:103BD00084F83E0001213F200155012084F8420075
:103BE00043200155012084F83D000020A1E700009A
:103BF00010B586B00446142101A8FCF72BFB8049C0
:103C00002068884239D100BF002000907D480068BC
:103C100040F001007B4908600846006800F00100A0
:103C2000009000BF00BF00BF00200090754814380E
:103C3000006840F0100073491439086008460068B5
:103C400000F01000009000BF00BF4FF42060019012
:103C50000220029001200390002004900120059092
:103C600001A96948FEF784FF002202211920FFF70D
:103C700019F91920FFF702F9BFE02068B0F1804F71
:103C800050D100BF002000905E48001F006840F047
:103C900001005C49091F08600846006800F0010047
:103CA000009000BF00BF00BF0020009055481438AE
:103CB000006840F001005349143908600846006864
:103CC00000F00100009000BF00BF00BF0020009086
:103CD0000846006840F0020008600846006800F0EE
:103CE0000200009000BF00BF4FF40040019002208E
:103CF000029001200390002004900120059001A96A
:103D00004248FEF735FF0820019002200290012072
:103D10000390002004900120059001A93C48FEF783
:103D200027FF6AE03B492068884232D100BF00206B
:103D300000903448001F006840F002003149091F1C
:103D400008600846006800F00200009000BF00BF55
:103D500000BF002000902B481438006840F002009B
:103D60002849143908600846006800F002000090F5
:103D700000BF00BF3020019002200290012003907C
:103D8000002004900220059001A92148FEF7F0FED2
:103D900033E02149206888422FD100BF00200090E5
:103DA0001848006840F0020016490860084600689C
:103DB00000F00200009000BF00BF00BF0020009094
:103DC00010481438006840F004000E4914390860A7
:103DD0000846006800F00400009000BF00BFC0204B
:103DE0000190022002900120039000200490032003
:103DF000059001A90948FEF7BBFE06B010BD000002
:103E0000000001404438024000100240000002401F
:103E10000004024000040040000401400008024089
:103E20002DE9F04304460D4694F83E603F20075DBF
:103E300094F84280432010F804906DB9012E02D10D
:103E4000B8F1010F02D00120BDE8F083022084F810
:103E50003E0084F8420025E0042D0CD1012F02D150
:103E6000B9F1010F01D00120EEE702213F200155F9
:103E70004320015516E0012E07D1012F05D1B8F1DD
:103E8000010F02D1B9F1010F01D00120DCE70220BE
:103E900084F83E0002213F200155022084F84200B0
:103EA0004320015515B1042D0CD105E0012200215C
:103EB000206804F03FF810E001220421206804F09B
:103EC00039F80AE001220021206804F033F80122C9
:103ED0000421206804F02EF800BF00BF20680068AD
:103EE00040F00100216808600020ADE7704770B520
:103EF00004462068C5682068066906F002000228AA
:103F000019D105F00200022815D1401F216808616F
:103F1000012020772068806900F0030018B1204656
:103F2000FFF7E4FF05E0204600F03AF9204600F0F4
:103F3000EEF90020207706F00400042819D105F0DE
:103F40000400042815D1C0432168086102202077AD
:103F50002068806900F4407018B12046FFF7C6FF62
:103F600005E0204600F01CF9204600F0D0F90020C2
:103F7000207706F00800082819D105F00800082865
:103F800015D1C04321680861042020772068C069EA
:103F900000F0030018B12046FFF7A8FF05E0204617
:103FA00000F0FEF8204600F0B2F90020207706F07D
:103FB0001000102819D105F01000102815D1C043A9
:103FC00021680861082020772068C06900F44070EB
:103FD00018B12046FFF78AFF05E0204600F0E0F820
:103FE000204600F094F90020207706F0010048B147
:103FF00005F0010030B16FF0010021680861204632
:1040000000F00CFA06F08000802809D105F080004D
:10401000802805D1C043216808612046FFF73CFB9A
:1040200006F04000402809D105F04000402805D1A5
:10403000C04321680861204600F0C2FF06F020005E
:10404000202809D105F02000202805D1C04321688F
:1040500008612046FFF721FB70BD000010B586B057
:104060000446142101A8FCF7F5F845492068884268
:104070001ED100BF002000904248006840F00200BE
:10408000404908600846006800F00200009000BF48
:1040900000BF4FF470700190022002900020039046
:1040A00004900220059001A93748FEF761FD65E004
:1040B0003649206888421DD100BF00200090314859
:1040C000006840F001002F4908600846006800F0D1
:1040D0000100009000BF00BF0F200190022002905D
:1040E0000020039004900220059001A92848FEF7C3
:1040F0003FFD43E02749206888421DD100BF0020D2
:1041000000902048006840F010001E4908600846F2
:10411000006800F01000009000BF00BF6020019018
:10412000022002900020039004900320059001A932
:104130001948FEF71DFD21E01849206888421DD16D
:1041400000BF002000900F48006840F002000D49B9
:1041500008600846006800F00200009000BF00BF41
:104160004FF4404001900220029000200390049000
:104170000920059001A90448FEF7FAFC06B010BD1D
:10418000000800403038024000040240000C0040AB
:1041900000000240004001400010024000180040B2
:1041A00070472DE9F04104460D461646002700BF32
:1041B00094F83C00012802D10220BDE8F0810120E2
:1041C00084F83C0000BF36B1042E1BD0082E31D03D
:1041D0000C2E5ED145E02946206803F0D1FE206810
:1041E000806940F00800216888612068806920F0BB
:1041F0000400216888612068806929690843216872
:10420000886148E02946206803F0F2FE2068806952
:1042100040F40060216888612068806920F4806033
:104220002168886120688069296940EA0120216845
:10423000886130E02946206803F018FF2068C069D3
:1042400040F008002168C8612068C06920F00400BF
:104250002168C8612068C069296908432168C8616C
:1042600019E02946206803F03DFF2068C06940F44A
:1042700000602168C8612068C06920F480602168FE
:10428000C8612068C069296940EA01202168C861C5
:1042900001E0012700BF00BF00BF002084F83C0000
:1042A00000BF384689E710B504460CB9012010BD9F
:1042B00094F83D0028B9002084F83C00204600F026
:1042C00025F8022084F83D00211D206803F0BEFD82
:1042D000012084F8460000BF84F83E0001213F2001
:1042E0000155402001554120015500BF00BF01206C
:1042F00084F84200432001554420015545200155D2
:1043000000BF012084F83D000020D0E770477047CF
:1043100070B504460D4615B994F83E000BE0042D27
:1043200002D13F20005D06E0082D02D14020005D53
:1043300001E04120005D012801D0012070BD1DB9C0
:10434000022084F83E000EE0042D03D102213F201C
:10435000015508E0082D03D102214020015502E05B
:1043600002214120015501222946206803F0E2FD87
:1043700023492068884203D022492068884201D11D
:10438000012000E0002028B12068406C40F400408B
:10439000216848641A49206888421BD02068B0F11F
:1043A000804F17D018492068884213D017492068D9
:1043B00088420FD01649206888420BD011492068E6
:1043C000884207D013492068884203D012492068E8
:1043D00088420CD12068806800F00706062E0CD0B9
:1043E0002068006840F001002168086005E020684E
:1043F000006840F001002168086000209EE700008E
:10440000000001400004014000040040000800409A
:10441000000C0040004001400018004030B52DED78
:10442000068B85B00446FC4884427DD1FB4890F859
:104430008101002879D0F948D0F89C0140B1F749B2
:10444000D1F89C01804718B10020F44981F881011E
:10445000F24890F88101012818D1002013E0EF49BB
:10446000896801228240114061B1ED4931F8101094
:10447000EC4A52F82020914204DD0021E74A82F8FC
:10448000811102E0401C0B28E9DD00BFE34890F8F1
:104490008101022815D1E14890F8E00088B103F0CD
:1044A00069F90020DD4981F8E000084690ED341AF2
:1044B000F0EE410A90ED361AB0EE410ADA4802F009
:1044C0007BFFD64890F8810103287CD1D34890F82F
:1044D000E000002878D003F04DF90020CF4981F8A2
:1044E000E000084690ED341AF0EE410A90ED361ADD
:1044F000B0EE410ACD4802F05FFFC84890ED360AA1
:10450000D0ED340A30EE600A10EE101A0846FCF7BF
:1045100003F841EC180BC64890ED070A10EE101A8C
:104520000846FBF7F9FF01E046E273E141EC190BA5
:10453000BE4890ED070A10EE101A0846FBF7ECFF94
:1045400041EC1A0B8DED028B8DED009B53EC1A2B79
:10455000B8A004F0FDF8B54890ED070AAF48D0EDDB
:104560001D0A20EE200AB14880ED070A90ED070AE7
:10457000DFEDB30AB4EEE00AF1EE10FA02D89FEDD7
:10458000B00A0FE0A94890ED070ADFEDAE0AB4EEDD
:10459000E00AF1EE10FA02DB9FEDAA0A02E0A3485E
:1045A00090ED070AA14880ED070A90ED070AB5EEE5
:1045B000C00AF1EE10FA0FDD90ED070ADFEDA20A56
:1045C000B4EEE00A01E03BE01BE0F1EE10FA03D2AA
:1045D0009FED9D0A80ED070A944890ED070AB5EE1D
:1045E000C00AF1EE10FA0CD290ED070ADFED970A3F
:1045F000B4EEE00AF1EE10FA03DD9FED940A80EDCF
:10460000070A864890ED360AD0ED340A30EE600A8B
:10461000F0EE000AB4EEE00AF1EE10FA10D290EDDE
:10462000360AD0ED340A30EE600AF8EE000AB4EE35
:10463000E00AF1EE10FA03DD0020784981F88101EB
:10464000764890F8810105280AD17448006F7349B3
:10465000C96E401A012803DC0020704981F88101ED
:104660006E4890F8810106280BD16C48D0F8900173
:10467000002806DC7648FFF7B1F90020674981F889
:104680008101664890F88101072809D16349D1F872
:104690009401FDF7F9FB18B90020604981F8810108
:1046A0005E4890F8810109286DD15C4890F8E000DF
:1046B000E8B303F05FF80020584981F8E00065484E
:1046C000006848B96348001F006828B9084690EDA3
:1046D000360A80ED360A19E05E48001F006848B9C6
:1046E0004E4890ED360AF6EE000A30EE600A80ED94
:1046F000360A0BE05748006840B9484890ED360A42
:10470000F6EE000A30EE200A80ED360A434890EDBE
:10471000360AD0ED370AB1EE0C1A70EEC10AB4EECB
:10472000E00AF1EE10FA08D890ED370A00E02AE02E
:10473000F1EE0C0A30EE600A17E0384890ED360AC8
:10474000D0ED370AB1EE0C1A70EE810AB4EEE00A31
:10475000F1EE10FA06DB90ED370AF1EE0C0A30EEBE
:10476000200A02E02D4890ED360A2C4880ED360AEA
:1047700090ED341AF0EE410A90ED361AB0EE410A8F
:10478000294802F019FE254890F881010A2841D1F4
:10479000224890F8E000E8B302F0ECFF00201F4947
:1047A00081F8E0002B48006848B92A48001F0068DB
:1047B00028B9084690ED360A80ED360A19E02548FA
:1047C000001F006848B9154890ED360ADFED220A4F
:1047D00030EE200A80ED360A0BE01E48006840B932
:1047E0000E4890ED360ADFED1C0A30EE600A80EDCF
:1047F000360A0A4890ED360AD0ED370AB2EE041AAE
:1048000070EEC10AB4EEE00AF1EE10FA2BD890ED8A
:10481000370A23E04DE00000700600201C01002054
:10482000000400203000002080030020A0030020AE
:10483000E002002025662C25662C25660A00000073
:104840000000C8C20000C84200004842000048C240
:1048500090070020140241429A99993FF2EE040A0F
:1048600030EE600A17E0FE4890ED360AD0ED370AC8
:10487000B2EE041A70EE810AB4EEE00AF1EE10FA1C
:1048800006DB90ED370AF2EE040A30EE200A02E071
:10489000F34890ED360AF24880ED360A90ED341A6E
:1048A000F0EE410A90ED361AB0EE410AED4802F002
:1048B00083FDEB4890F8810100287CD0E84890F80F
:1048C0009801012878D10020E54981F8980108462F
:1048D00090F8860140B3084690F8800190B9E2480C
:1048E0000068042808DB0020DF49086006F0C2F8F1
:1048F0000020DB4981F88301DB480068401CDA496D
:10490000086028E0D648D0F87C0107280DDB00209D
:10491000D6490860D24890F8830128B106F0AAF879
:104920000020CF4981F8830115E0D04800680728AE
:104930000CDB0020CD490860C94890F8830128B1FC
:1049400006F098F80020C64981F88301C74800683E
:10495000401CC6490860C24890F8810103287CD0F9
:10496000BF4890F8860118B1BD4890ED630A01E098
:104970009FEDBF0AB0EE408AB94890ED1D1AB948C4
:10498000D0ED071A31EE611ABA48D0ED071A31EEB0
:10499000611AB948D0ED071A31EE211AF7EE001A64
:1049A00071EEC81A21EE211AB0EE410AB3484068F0
:1049B00001EE100A01E0E7E0ECE0B8EEC11AF0EE1B
:1049C000410AAF4802F068FDA54890ED1D1AA548C0
:1049D000D0ED071A31EE211AA648D0ED071A31EEB4
:1049E000211AA548D0ED071A31EE211AF7EE001A68
:1049F00078EE211A21EE211AB0EE410A9F48806814
:104A000001EE100AB8EEC11AF0EE410A9D4802F01C
:104A100043FD934890ED1D1A9248D0ED071A31EEF0
:104A2000611A9448D0ED071A31EE611A9248D0ED20
:104A3000071A31EE211AF7EE001A71EEC81A21EEAC
:104A4000211AB0EE410A8D48C06801EE100AB8EE96
:104A5000C11AF0EE410A8C4800E027E002F01CFD8C
:104A60007F4890ED1D1A7F48D0ED071A31EE211ACC
:104A70008048D0ED071A31EE211A7F48D0ED071A91
:104A800031EE211AF7EE001A78EE211A21EE211AE2
:104A9000B0EE410A7948006901EE100AB8EEC11A79
:104AA000F0EE410A794802F0F7FC43E073484068B1
:104AB00001EE100AB8EEC11AF0EE410A6D4890ED11
:104AC000071AB1EE411AB0EE410A6D4802F0E4FC5B
:104AD0006A48806801EE100AB8EEC11AF0EE410A89
:104AE000644890ED071AB0EE410A664802F0D4FC23
:104AF0006248C06801EE100AB8EEC11AF0EE410A31
:104B00005C4890ED071AB1EE411AB0EE410A5E48DA
:104B100002F0C2FC5948006901EE100AB8EEC11A51
:104B2000F0EE410A534890ED071AB0EE410A57489B
:104B300002F0B2FC5148006900905048C368826896
:104B400041685348056853A0A847504D95ED070AA2
:104B5000BDEEC00A10EE103A4B4D95ED070ABDEEC2
:104B6000C00A10EE102A474D95ED070ABDEEC00AA7
:104B700010EE101A424D95ED070ABDEEC00A10EE78
:104B8000100A06F0B5F905E000231A461946184642
:104B900006F0AEF94248844260D142480068401CA9
:104BA0004049086040480068401C3F4908603F4851
:104BB0000068401C3D4908603A48006802284EDB06
:104BC0002748D0F8C8002649C1F8CC000846D0F8DC
:104BD000C400C1F8C8000846D0F8C000C1F8C4003D
:104BE0000846D0F8BC00C1F8C0000846D0F8B800AC
:104BF000C1F8BC000846D0F8B400C1F8B8000846B7
:104C0000D0F8B000C1F8B4000846D0F8AC00C1F844
:104C1000B0000846D0F8A800C1F8AC000846D0F8AB
:104C2000A400C1F8A8000846D0F8A000C1F8A4006C
:104C30000846D0F89C00C1F8A0000846D0F89800BB
:104C4000C1F89C000846D0F89400C1F898000846C6
:104C5000D0F89000C1F89400084629E082E144E0D1
:104C60001C01002080030020C4000020C800002098
:104C700000000000A003002060030020C00300200B
:104C8000E002002000030020200300204003002059
:104C90001001002025642C25642C25642C2564003B
:104CA000B8060020B8000020BC000020C000002092
:104CB000D0F88C00C1F890000846D0F88800C1F800
:104CC0008C000846D0F88400C1F888000846D0F867
:104CD0008000C1F8840002F04DFDAF48806FAE49FE
:104CE000C1F880000020AD490860AB4890F8800111
:104CF000E8BB0020A84981F88401A948006802287F
:104D00003FDB0020A6490860FBF7DAFDA5490880D3
:104D10000120FBF7D5FDA34948800220FBF7D0FD19
:104D2000A04988800320FBF7CBFD9E49C880042062
:104D3000FBF7C6FD9B4908810520FBF7C1FD99499A
:104D400048810620FBF7BCFD964988810720FBF7C8
:104D5000B7FD9449C8810820FBF7B2FD914908824C
:104D60000920FBF7ADFD8F4948820A2000E00EE0E4
:104D7000FBF7A6FD8B4988820B20FBF7A1FD894933
:104D8000C88287480068401C8549086091E08248D5
:104D900090F88001012846D17F48D0F87C018249F3
:104DA0000968884239DC7C4890F9840102280EDCCD
:104DB000052002F01DFD0020774981F88301084697
:104DC00090F88401401C40B281F884011AE005206B
:104DD00002F00EFD04217548FDF790F81F22002116
:104DE0007248FBF795FE6C4890F982311922202118
:104DF0006E48FBF779FF684880ED620A012066493A
:104E000081F8830104F094F969480078401C40B2AD
:104E10006749087000206449086063480068401CC6
:104E20006149086045E05C48D0F87C015E4909684A
:104E3000884239DC584890F9840102280EDC0420AD
:104E400002F0D6FC0020544981F88301084690F80E
:104E50008401401C40B281F884011AE0042002F071
:104E6000C7FC04215148FDF749F81F2200214F4893
:104E7000FBF74EFE484890F98231192220214B4819
:104E8000FBF732FF444880ED620A0120424981F875
:104E9000830104F04DF946480078401C40B2444973
:104EA00008700020404908603F480068401C3E49A7
:104EB000086040480068142854DB00203D49086021
:104EC000354890F86800E8B306F096F8324890F854
:104ED000800180B938494968374A92681144364A96
:104EE000D2681144344A12698818C11700EB9171D5
:104EF0008910294AD166284890F88001012810D1EC
:104F00002D4949682C4A9268891A2B4AD268891A15
:104F1000294A12698818C11700EB917189101E4A3D
:104F2000D1661D4890F98001401C58B92249496852
:104F30004942214A9268891A1F4AD268891A1E4A30
:104F4000126900E006E0881AC11700EB9171891020
:104F5000114AD16606F0CEF801200F4981F8E00031
:104F600081F898011548844212D10B48D0F890017D
:104F7000401E0949C1F890010846D0F89001002868
:104F800006DC0E48FEF72AFD0020034981F8810166
:104F900005B0BDEC068B30BD1C010020B800002020
:104FA000CC00002000040020C00000205809002090
:104FB00014000020BC000020D40300209007002033
:104FC0007047704710B5044600BF00BF21680C3120
:104FD00051E8001F21F4907021680C3141E8000273
:104FE000002AF3D100BF00BF00BF2168143151E88F
:104FF000001F21F001002168143141E80002002A5D
:10500000F3D100BF206B01280ED100BF00BF216883
:105010000C3151E8001F21F0100021680C3141E8EB
:105020000002002AF3D100BF2068406900F0400070
:10503000402820D100BF00BF2168143151E8001F73
:1050400021F040002168143141E80002002AF3D128
:1050500000BFE06B78B10020E16B0865E06BFDF705
:1050600025FB40B1E06BFDF78BFB202803D110201E
:105070006064032010BD0020E085202084F84200F9
:105080000020206300BFF5E7704700002DE9F84FCE
:105090000446206805682068C668206847694FF0A4
:1050A0000009CA4605F00F09B9F1000F0AD105F051
:1050B000200038B106F0200020B1204603F0B3F8FC
:1050C000BDE8F88FB9F1000F7CD007F0010018B9E6
:1050D00006F49070002875D005F0010030B106F498
:1050E000807018B1606C40F00100606405F004004D
:1050F00030B107F0010018B1606C40F0020060644C
:1051000005F0020030B107F0010018B1606C40F00A
:105110000400606405F0080048B106F0200010B9F2
:1051200007F0010018B1606C40F008006064606C2A
:10513000002846D005F0200028B106F0200010B16C
:10514000204603F070F820684069C0F3801A606C54
:1051500000F0080010B9BAF1000F2DD0204603F07E
:105160001CF82068406900F04000402820D100BFB2
:1051700000BF2168143151E8001F21F04000216870
:10518000143141E80002002AF3D100BFE06B50B1B6
:105190007748E16B0865E06BFDF7DEFA88B1E06BFC
:1051A000016D88470DE02046FFF76EFF09E009E03A
:1051B0002046FFF769FF04E02046FFF765FF002067
:1051C00060647DE7206B012878D105F0100000288D
:1051D00074D006F010000028FAD000BF0020009024
:1051E00020680068009020684068009000BF00BF01
:1051F0002068406900F04000402860D1E06B006802
:1052000040681FFA80F8B8F1000F56D0A08D4045D5
:1052100053DDA4F82E80E06BC069B0F5807F43D0E9
:1052200000BF00BF21680C3151E8001F21F48070DD
:1052300021680C3141E80002002AF3D100BF00BF11
:1052400000BF2168143151E8001F21F001002168DE
:10525000143141E80002002AF3D100BF00BF00BFB3
:105260002168143151E8001F21F0400021681431F9
:1052700041E80002002AF3D100BF202084F8420058
:105280000020206300BF00BF21680C3151E8001FDF
:1052900021F0100021680C3141E80002002AF3D10E
:1052A00000BFE06BFDF702FA02206063A08DE28D83
:1052B000801A81B22046FFF784FE01E742E0A08D0C
:1052C000E18D401A1FFA80F8E08DD0B3B8F1000FDD
:1052D00037D000BF00BF21680C3151E8001F21F416
:1052E000907021680C3141E80002002AF3D100BF20
:1052F00000BF00BF2168143151E8001F21F00100F8
:105300002168143141E80002002AF3D100BF2020B7
:1053100084F842000020206300BF00BF21680C31E8
:1053200051E8001F21F0100021680C3141E8000213
:10533000002AF3D100BF0220606341462046FFF7F8
:1053400040FEBDE605F0800030B106F0800018B1E7
:10535000204603F01DF9B3E605F0400030B106F039
:10536000400018B1204602F04EFFA9E600BFA7E6B4
:105370008781000810B504460CB9012010BDA06952
:1053800000B100E000BF94F8410028B9002084F883
:105390004000204600F02AF8242084F841002068CC
:1053A000C06820F400502168C860204602F0BAFFAF
:1053B0002068006920F490402168086120684069F5
:1053C00020F02A00216848612068C06840F400503D
:1053D0002168C86000206064202084F8410084F8BF
:1053E00042000020606300BFC8E7000010B586B02F
:1053F0000446142101A8FAF72DFF65492068884268
:1054000031D100BF002000906248006840F01000D9
:10541000604908600846006800F01000009000BF76
:1054200000BF00BF002000905A481438006840F0C8
:1054300001005849143908600846006800F001006E
:10544000009000BF00BF4FF4C060019002200290A6
:1054500000200390032004900720059001A94E48E6
:10546000FDF786FB92E04D492068884257D100BF86
:10547000002000904748001F006840F40030454974
:10548000091F08600846006800F40030009000BF63
:1054900000BF00BF002000903E481438006840F074
:1054A00008003C49143908600846006800F008000C
:1054B000009000BF00BF60200190022002900020F9
:1054C0000390032004900720059001A93448FDF7BC
:1054D0004FFB3448344908604FF0006048600021B9
:1054E00031488160C1604FF48061016100214161F8
:1054F0008161C16101624162FDF766FA08B1FCF7A2
:1055000067FC00BF2848E063846300BF00221146A7
:105510002620FDF7C7FC2620FDF7B0FC36E0234926
:105520002068884232D100BF002000901948001F37
:10553000006840F480201749091F08600846006889
:1055400000F48020009000BF00BF00BF002000904A
:1055500010481438006840F002000E491439086001
:105560000846006800F00200009000BF00BF4FF442
:1055700040600190022002900020039003200490DC
:105580000720059001A90A48FDF7F2FA06B010BD00
:105590000010014044380240000002400044004036
:1055A000000C024088600240F808002000480040DB
:1055B0000004024070B504460D46164694F84200B9
:1055C00020280BD105B10EB9012070BD0020206349
:1055D00032462946204602F0BBFFF6E70220F4E7F8
:1055E00010B50446194884422ED11948007858B3A2
:1055F00018480078AA2817D116488078BB2813D1FC
:10560000144840783038144908700846007800285B
:105610000ADD08460078062806DA01200F490870DE
:1056200000200B49087010BD0A48407809490870ED
:105630000846807848700122891C0448FFF7BAFFA9
:1056400010B100200249087000BFECE76808002094
:10565000E7000020E4000020E9000020E80000202E
:105660002DE9F84F04460E46174699464FF0000ABA
:1056700094F84100202850D106B117B90120BDE8A7
:10568000F88F00206064212084F84100FDF778FB4A
:105690008246A784E784A068B0F5805F04D12069C2
:1056A00010B90025B04602E035464FF000081EE074
:1056B0005346002280212046CDF8009002F098FF4A
:1056C00020B1202084F841000320D8E745B9B8F87C
:1056D0000000C0F308002168486008F1020803E0F8
:1056E0002878216848606D1CE08C401EE084E08CC6
:1056F0000028DDD15346002240212046CDF80090FD
:1057000002F076FF20B1202084F841000320B6E7A4
:10571000202084F841000020B1E70220AFE7704765
:1057200070B5002500240FE00B4800F017F80A4878
:105730000078322804DD084800785A2800DA6D1C09
:105740000120FCF739F9641C142CEDDB032D01DB7F
:10575000012070BD0020FCE70800002010B50446C1
:1057600000F02EFD9E2000F01BFDD12000F018FD62
:1057700000F042FD00F0B4FC00F022FD9F2000F09C
:105780000FFD012000F0D6FC2070012000F0D2FCBB
:105790006070002000F0CEFCA07000F02DFD10BD68
:1057A0001EB50D48D0F894000B49D1F890100A4A64
:1057B000D2F88C20084CCDE900210290D4F8883032
:1057C000D4F88420D4F88010A06F05F05BFB21464C
:1057D000C1F8D4001EBD00001C0100202DE9F041DD
:1057E0002DED028BB0EE408A04460F4690461D46D2
:1057F0000020494981F886019FED480A28EE000AF9
:10580000DFED470A80EE201ABDEEC10A10EE100A45
:1058100006B20846B0F8D40030444FF4B47110FB1F
:1058200001F000EE100AB8EEC00ADFED3E0A80EE8D
:10583000201A394880ED361A90ED360A80ED370A85
:105840000020354981F88201092081F8810100EEAC
:10585000104AB8EEC00A084680ED1D0AC0F89C51F7
:105860009FED310A314880ED070A9FED2F0A30483D
:1058700080ED070A2F48FEF75DF820E0264890EDFE
:105880001D0ABDEEC00A10EE101A2BA002F060FF38
:105890002D4841682DA002F05BFF2B4881682FA0A6
:1058A00002F056FF2848C16830A002F051FF264898
:1058B000016932A002F04CFF3220FCF78AF816484A
:1058C00090F881010028D9D11A480068006900F0D9
:1058D000010020B16FF00100164909680861154800
:1058E000FEF77CF800231A461946184605F000FB1F
:1058F00000200949C86681F868009FED0B0A084638
:1059000080ED1D0A0020214948608860C860086158
:10591000BDEC028BBDE8F0811C01002000000047B7
:1059200000003443000080470000000060030020B6
:10593000A0030020700600204C302E76616C3D25BF
:1059400064FFFFFF00000000C00300205453312E0D
:1059500076616C3D2564FFFFFF0000005453322E3A
:1059600076616C3D2564FFFFFF0000005453332E29
:1059700076616C3D2564FFFFFF0000005453342E18
:1059800076616C3D2564FFFFFF000000D40300201A
:10599000F0B52DED0C8B89B0B0EE408A04460D4673
:1059A0009FED5E0A28EE000ADFED5D0A80EE201A08
:1059B000BDEEC10A10EE100A06B25A48B0F8D40083
:1059C00030444FF4B47110FB01F000EE100AB8EE51
:1059D000C00ADFED550A80EE201A524880ED361AD3
:1059E000FF20504981F88001002081F882010220C7
:1059F00081F8810100EE104AB8EEC00A084680ED39
:105A00001D0A002081F886010846C0F89C519FEDD0
:105A1000470A474880ED070A9FED440A454880ED54
:105A2000070A4548FDF786FF4AE03E4890ED360AF2
:105A3000D0ED340A30EE600A10EE101A0846FAF77C
:105A40006BFD41EC190B3D4890ED070A10EE101A62
:105A50000846FAF761FD41EC1A0B394890ED070A48
:105A600010EE101A0846FAF757FD41EC1B0B2D48B3
:105A700090ED340A10EE101A0846FAF74DFD41EC8D
:105A80001C0B2848D0ED340AB0EE600A2D4800F017
:105A9000C5FD10EE107A3846FAF73EFD41EC1D0BBD
:105AA0002948406808908DED069B8DED04AB8DED87
:105AB00002BB8DED00CB53EC1D2B24A002F048FE61
:105AC000184890F881010028AFD11B480068006990
:105AD00000F0010020B16FF001001749096808616A
:105AE0001548FDF77BFF00231A461946184605F0B6
:105AF000FFF900200B49C86681F868009FED0B0A8A
:105B0000084680ED1D0A0020154948608860C8607D
:105B1000086109B0BDEC0C8BF0BD0000000000472F
:105B2000000034431C0100200000804700000000FA
:105B300060030020A003002070060020E002002087
:105B400080030020BC020020C003002025662C2515
:105B5000662C25662C25662C25662C25640A0000FB
:105B6000D403002070B505460C46FFF719FE044823
:105B70000567044920469FED040A00F007F870BD50
:105B80001C0100204DB1000800000000F0B52DED13
:105B90000C8B89B0B0EE408A04460D469FED5C0A3E
:105BA00028EE000ADFED5B0A80EE201ABDEEC10A86
:105BB00010EE100A06B25848B0F8D40030444FF442
:105BC000B47110FB01F000EE100AB8EEC00ADFED70
:105BD000530A80EE201A504880ED361A00204E49B4
:105BE00081F88201022081F8810100EE104AB8EEAE
:105BF000C00A084680ED1D0A002081F8860108468B
:105C0000C0F89C519FED460A464880ED070A9FED7B
:105C1000440A454880ED070A4448FDF78BFE4AE0F8
:105C20003D4890ED360AD0ED340A30EE600A10EEB1
:105C3000101A0846FAF770FC41EC190B3C4890ED3D
:105C4000070A10EE101A0846FAF766FC41EC1A0B28
:105C5000384890ED070A10EE101A0846FAF75CFC77
:105C600041EC1B0B2C4890ED340A10EE101A08463C
:105C7000FAF752FC41EC1C0B2748D0ED340AB0EE89
:105C8000600A2D4800F0CAFC10EE107A3846FAF788
:105C900043FC41EC1D0B2948406808908DED069BA4
:105CA0008DED04AB8DED02BB8DED00CB53EC1D2BC8
:105CB00023A002F04DFD184890F881010028AFD1D3
:105CC0001A480068006900F0010020B16FF001007F
:105CD0001649096808611548FDF780FE00231A4639
:105CE0001946184605F004F900200B49C86681F8EA
:105CF00068009FED0B0A084680ED1D0A002015493B
:105D000048608860C860086109B0BDEC0C8BF0BDCC
:105D100000000047000034431C01002000008047C1
:105D20000000000060030020A00300207006002097
:105D3000E002002080030020BC020020C0030020FD
:105D400025662C25662C25662C25662C25662C259B
:105D5000640A0000D403002070B52DED0A8B88B0D2
:105D6000B0EE408A04460D469FED710A28EE000A07
:105D7000DFED700A80EE201ABDEEC10A10EE100AA7
:105D800006B26D48B0F8D40030444FF4B47110FB43
:105D900001F000EE100AB8EEC00ADFED680A80EEEE
:105DA000201A654880ED361A0020634981F8860183
:105DB00081F88201032081F8810100EE104AB8EEDB
:105DC000C00A084680ED1D0AC0F89C519FED5C0A90
:105DD0005C4880ED070A9FED5A0A5B4880ED070A90
:105DE0005A48FDF7A7FD39E0534890ED360AD0ED4B
:105DF000340A30EE600A10EE101A0846FAF78CFBEF
:105E000041EC190B524890ED070A10EE101A0846A3
:105E1000FAF782FB41EC1A0B4B4890ED070A10EEA3
:105E2000101A0846FAF778FB41EC1B0B424890ED3C
:105E3000340A10EE101A0846FAF76EFB41EC1C0B00
:105E40004448406806908DED049B8DED02AB8DEDCE
:105E500000BB53EC1C2B40A002F07AFC364890F8B3
:105E600081010028C0D1344890ED360AD0ED340AC3
:105E700030EE600A10EE101A0846FAF74DFB41ECBE
:105E8000190B334890ED070A10EE101A0846FAF77E
:105E900043FB41EC1A0B2C4890ED070A10EE101A48
:105EA0000846FAF739FB41EC1B0B234890ED340A06
:105EB00010EE101A0846FAF72FFB41EC1C0B254890
:105EC000406806908DED049B8DED02AB8DED00BB1F
:105ED00053EC1C2B20A002F03BFC1C48006800691E
:105EE00000F0010020B16FF0010018490968086155
:105EF0001648FDF773FD00231A461946184604F0AC
:105F0000F7FF9FED0F0A0C4880ED1D0A00200A499B
:105F100081F86800144948608860C86008610D49CC
:105F200048608860C860086108B0BDEC0A8B70BD2D
:105F300000000047000034431C010020000080479F
:105F40000000000060030020800300207006002095
:105F5000E0020020C003002025662C25662C256663
:105F60002C25662C25640A00D403002000BFFEE720
:105F7000F0B50246FFEE000AB0EE600A01244B1CA9
:105F80000BB1012948D14F1C0FB9002700E00B27A6
:105F90003E464F1C0FB90C2701E04FF0FF373D463E
:105FA0004F1C0FB9012701E04FF0FF373B46304649
:105FB0002EE032F8107040F6B83C674527DDC71870
:105FC000002F17DBC7180C2F14DAC71832F8177018
:105FD00067450FDD00EE900AB8EEE01A00EE903A49
:105FE000F8EEE00AF6EE001A01EEA01A3A4F87ED3D
:105FF000011A0AE000EE900AF8EEE00A9FED371A67
:1060000070EE810A344FC7ED010A002402E0184403
:10601000A842CED100BF57E0002955D1062022E08A
:1060200032F8103040F6B835AB4208DD00EE900A89
:10603000F8EEE00A284BC3ED010A002415E0C0F198
:106040000B0332F8133040F6B835AB420ADDC0F12D
:106050000B0300EE903AF8EEE00A1F4BC3ED010A85
:10606000002402E0401E0028DADA00BF64BB1A4DAB
:10607000D5ED010AFDEEE00A10EE903A5D1C0C2D04
:106080000FDA32F8155040F6B836B54209DD124D38
:10609000D5ED010AB6EE001A70EE810AC5ED010ACF
:1060A00011E05D1E002D0ED432F8155040F6B836C2
:1060B000B54208DD084DD5ED010AB6EE001A70EEC6
:1060C000C10AC5ED010A00BF24B9034BD3ED010A93
:1060D000B0EE600AF0BD00001C01002000000000CE
:1060E00008B50020009002E00098401C0090009845
:1060F000C828F9DB08BD000010B5012204210C48B6
:10610000FCF738FE012208210948FCF733FEFFF7AF
:10611000E7FF04210648FCF725FE0446002208217B
:106120000348FCF727FEFFF7DBFF204610BD000009
:10613000000C024070B505460024002605E060060C
:10614000040EFFF7D9FF0443761C082EF7DB0DB9C8
:10615000012100E00021084600F002F8204670BD51
:1061600010B504462CB1012204210C48FCF702FEB4
:1061700004E0002204210948FCF7FCFD012208216B
:106180000648FCF7F7FDFFF7ABFF002208210348A4
:10619000FCF7F0FDFFF7A4FF10BD0000000C02406B
:1061A00070B50446002506E0C4F3C010FFF7D8FF21
:1061B0006006040E6D1C082DF6DBFFF79DFF70BD19
:1061C00010B5012204210B48FCF7D4FD012208215F
:1061D0000848FCF7CFFDFFF783FF002204210548A4
:1061E000FCF7C8FDFFF77CFF002208210148FCF7FF
:1061F000C1FD10BD000C024010B500220421094869
:10620000FCF7B8FD012208210648FCF7B3FDFFF7B3
:1062100067FF012204210348FCF7ACFDFFF760FF94
:1062200010BD0000000C024000B500200E490860BF
:106230000E48006820F003000C490860084600681A
:1062400040F00100086000200949C1F880020120E7
:1062500003F074F801200449086003F06FF800208F
:106260000349C1F8840200BD84024242001002408A
:106270000000424200B500200E4908600E48006848
:1062800020F003000C4908600846006840F0010057
:10629000086001200949C1F8800203F04FF801208D
:1062A0000449086003F04AF800200449C1F8840258
:1062B00000BD000084024242001002400000424241
:1062C00030B5044600231648006820F00300144946
:1062D0000860084600680860002516E000201149A3
:1062E0000860012003F02AF801200F49C1F8840258
:1062F0005806030E0B488438006808B1581CC3B216
:10630000012003F01BF8681CC5B2082DE6DB14B9A8
:10631000FFF7B0FF01E0FFF787FF184630BD000030
:10632000001002408402424200004242F0B506469C
:106330000F4614461D4600F067F8002141EA460169
:10634000C8B200F02FF800F0A9F818B100F082F8F8
:106350000120F0BD384600F025F800F09FF810B994
:10636000012002F0EBFF00F04FF8012101EB4601A4
:10637000C8B200F017F800F091F80DE0012C04D13C
:106380000020FFF79DFF287003E00120FFF798FF32
:106390002870601EC4B26D1C002CEFD100F05AF8BA
:1063A0000020D6E710B503461448006820F003002B
:1063B000124908600846006840F0010008600020AB
:1063C0000F490860002416E0D8090D49091F08602C
:1063D0005806030E012002F0B1FF01200949C1F85F
:1063E000840202F0ABFF002005490860012002F0A2
:1063F000A5FF601CC4B2082CE6DB10BD00100240F3
:10640000840242420000424200B50F48006820F07A
:1064100003000D4908600846006840F0010008606C
:1064200001200A4908600A49C1F88402022002F0EA
:1064300085FF002005490860022002F07FFF002050
:106440000349C1F8840200BD0010024080024242AC
:106450000000424200B50E48006820F003000C49DD
:1064600008600846006840F0010008600020094903
:1064700008600949C1F88002012002F05FFF012095
:10648000044908600449C1F8800202F057FF00BDCA
:1064900000100240840242420000424200B5002344
:1064A0001348006820F0030011490860084600689E
:1064B000086001200F49086002F040FF01200E49EA
:1064C000C1F8840202F03AFF07E0581CC3B2FA2B6D
:1064D00003DDFFF7BFFF012000BD064880380068DC
:1064E0000028F2D10349091D086000BFF4E700004D
:1064F00000100240800242420000424210B5FBF709
:1065000083F90E480068012806D0022807D0032826
:1065100008D004280CD108E003F0EAF90BE003F0FE
:1065200027FA08E003F0A2FA05E003F04FFB02E0CF
:1065300002F064FF00BF00BF10BD0000A8000020F3
:1065400010B5FBF761F90C480068012806D0022855
:1065500007D0032808D004280CD108E003F09EFBE4
:1065600008E003F083FC05E003F040FD02E003F0E7
:1065700093FD00BF00BF10BDA800002010B5044669
:1065800014B10120234908702248007858B32248EA
:10659000006858B12048001D006838B11E48083016
:1065A000006818B11C480C300068E0B90A20FCF7FC
:1065B000CBFA0020174908701748006808B9052071
:1065C00010BD1548001D006808B90420F8E71248FE
:1065D0000830006808B90320F2E70F480C30006863
:1065E000B0B90620ECE70C480068012810D10A4831
:1065F000001D006801280BD10748083000680128F9
:1066000006D105480C300068012801D10149087005
:106610000020D5E7EF00002020824142F0EE400A42
:1066200090ED000A90ED071A30EE010A80ED010AA4
:1066300090ED010A90ED081A30EE010A90ED011A72
:10664000C1EE001AC0ED061A90ED020A90ED061A8E
:10665000D0ED021A70EEE11A01EE210A80ED020A75
:1066600090ED060AB7EE001A31EE400A90ED011ADD
:1066700020EE010A80ED000A90ED020A704700004A
:106680009FED120A124880ED000A9FED120A80ED7C
:10669000010A9FED100A80ED020A9FED0E0A80EDBF
:1066A000030A9FED0C0A80ED040A9FED0A0A80EDB3
:1066B000050A9FED080A80ED060A9FED070A80EDA6
:1066C000070A9FED060A80ED080A70476F12833AA9
:1066D000BC020020000000006F12033ACDCCCC3C7D
:1066E00010B502F04DFE05F00BFE06F02BF903F09D
:1066F00089FE02F035FE10BD08B5002003460246B3
:1067000082210090142004F0BBF8002003460246CA
:10671000B4210090322004F0B3F800200346024672
:1067200078210090012003F0E1FDFFF739F8002007
:1067300003460246462100901E2004F0A1F81E20C8
:106740001D4908671D494B20B7EE000AFFF71EFAE6
:106750001B494B20B7EE000AFFF718FAFBF76EF85B
:1067600018A1002001F0EAF9FBF770F8C82004F046
:10677000B5FE06F0D1F8FBF759F8FBF745F8FFF73F
:106780000FF80F200C4908670C493C20B7EE000AAF
:10679000FFF7FCF90020034602463C21009032201E
:1067A00004F06EF800200346024696210090142063
:1067B00004F066F808BD00001C0100204DB100087F
:1067C000F5B300085B7631335D5B74355DB5BDB400
:1067D000EFB6FEBAC5C6BDCCA80000001FB50020AC
:1067E00000900190029003901548164908604FF4FC
:1067F000803048600021134881600161017680F893
:106800002010C162104981620021C1600121C16173
:10681000002180F8301001214161FBF753FC08B1E1
:10682000FBF7D6FA0420009001200190022002908C
:1068300069460448FBF778FB08B1FBF7C9FA1FBDAE
:1068400000210140180400200100000F1FB50020A6
:1068500000900190029003905248534908604FF411
:10686000803048600021504881600121016101763B
:10687000002180F82010C1624C4981620021C16072
:106880000C21C161012180F830104161FBF71AFC35
:1068900008B1FBF79DFA0D20009001200190032024
:1068A000029069464048FBF73FFB08B1FBF790FABE
:1068B0000C2000900220019069463B48FBF734FB16
:1068C00008B1FBF785FA0B20009003200190694680
:1068D0003548FBF729FB08B1FBF77AFA0A2000904C
:1068E0000420019069463048FBF71EFB08B1FBF716
:1068F0006FFA082000900520019069462A48FBF7AE
:1069000013FB08B1FBF764FA072000900620019002
:1069100069462548FBF708FB08B1FBF759FA062042
:1069200000900720019069461F48FBF7FDFA08B167
:10693000FBF74EFA052000900820019069461A489E
:10694000FBF7F2FA08B1FBF743FA042000900920A4
:10695000019069461448FBF7E7FA08B1FBF738FAEB
:106960000F2000900A20019069460F48FBF7DCFADF
:1069700008B1FBF72DFA0E2000900B20019069461C
:106980000948FBF7D1FA08B1FBF722FA0920009079
:106990000C20019069460448FBF7C6FA08B1FBF7E2
:1069A00017FA1FBD00220140600400200100000F03
:1069B00008B500BF002000901648006840F4800031
:1069C000144908600846006800F48000009000BF89
:1069D00000BF00BF002000900846006840F400108F
:1069E00008600846006800F40010009000BF00BF77
:1069F000002211461020FCF755FA1020FCF73EFA51
:106A0000002211463820FCF74DFA3820FCF736FA00
:106A100008BD00003038024000B587B0142102A83C
:106A2000F9F718FC00BF002001907048006840F0A2
:106A300010006E4908600846006800F010000190E0
:106A400000BF00BF00BF002001900846006840F072
:106A5000040008600846006800F00400019000BFD0
:106A600000BF00BF002001900846006840F02000F1
:106A700008600846006800F02000019000BF00BFD9
:106A800000BF002001900846006840F080000860C8
:106A90000846006800F08000019000BF00BF00BF02
:106AA000002001900846006840F001000860084698
:106AB000006800F00100019000BF00BF00BF00208F
:106AC00001900846006840F002000860084600682F
:106AD00000F00200019000BF00BF00BF0020019045
:106AE0000846006840F0400008600846006800F072
:106AF0004000019000BF00BF00BF00200190084689
:106B0000006840F0080008600846006800F00800CF
:106B1000019000BF00BF002203213548FCF72AF98D
:106B200000224FF4C0713348FCF724F901220C21F4
:106B30003148FCF71FF9012203212E48FCF71AF90E
:106B40000C200290002003900120049002A9294803
:106B5000FCF70EF842F23000029000200390012072
:106B6000049002A92548FCF703F8C02002900020F9
:106B700003900120049002A92148FBF7F9FF0320AC
:106B80000290002003900120049002A91D48FBF709
:106B9000EFFF03200290012003900490059002A9CA
:106BA0001348FBF7E5FF40F28310029001200390A9
:106BB0000490059002A90F48FBF7DAFF4FF47060CC
:106BC0000290002003900120049002A90A48FBF7DC
:106BD000CFFF0C200290112003900120049005901B
:106BE00002A90548FBF7C4FF07B000BD30380240DA
:106BF0000018024000100240000C02400008024051
:106C0000000002400004024010B50A480A4908602A
:106C1000A72048600021084881604FF47A71C16064
:106C2000002101618161FCF793FD08B1FBF7D0F809
:106C300010BD0000004401409007002000B58BB05B
:106C400000200790089009900A901C216846F9F7E7
:106C500001FB1F481F490860A720486000211D480C
:106C6000816042F20F71C160002101618161FCF716
:106C70006FFD08B1FBF7ACF84FF48050079007A9FF
:106C80001448FCF7CAFE08B1FBF7A2F81148FDF75B
:106C90000AFB08B1FBF79CF86020009000200190EF
:106CA00002900490002269460A48FDF77AFA08B17A
:106CB000FBF78EF8042269460648FDF772FA08B120
:106CC000FBF786F80348FDF7C9F90BB000BD0000DB
:106CD00000180040D807002000B58BB0242102A87E
:106CE000F9F7B8FA00200090019018481849086098
:106CF000002048600021164881604FF6FF71C16096
:106D00000021016141618161032002900020039014
:106D10000120049000200590069007900120089023
:106D2000002009900A9002A90948FCF7FCFE08B16E
:106D3000FBF74EF800200090019069460448FCF7EC
:106D4000ADFC08B1FBF744F80BB000BD00000140FA
:106D50000805002000B58BB0242102A8F9F77AFAC3
:106D60000020009001904FF08040174908600020FB
:106D70004860002114488160491EC1600021016102
:106D800081610320029000200390012004900020E4
:106D900005900690079001200890002009900A9025
:106DA00002A90948FCF7BFFE08B1FBF711F8002063
:106DB0000090019069460448FCF770FC08B1FBF7AD
:106DC00007F80BB000BD00005005002000B58BB0E7
:106DD000242102A8F9F73EFA0020009001901848FB
:106DE00018490860002048600021164881604FF66D
:106DF000FF71C160002101618161032002900020C8
:106E00000390012004900020059006900790012037
:106E10000890002009900A9002A90A48FCF783FE16
:106E200008B1FAF7D5FF00200090019069460548A7
:106E3000FCF734FC08B1FAF7CBFF0BB000BD000043
:106E4000000400409805002000B58DB00020099096
:106E50000A900B900C90079008901C216846F9F757
:106E6000F9F92C482C4908600720486000212A487D
:106E7000816040F21941C160002101618161FCF72C
:106E800067FC08B1FAF7A4FF4FF48050099009A9F4
:106E90002148FCF7C2FD08B1FAF79AFF1E48FDF73A
:106EA00002FA08B1FAF794FF00200790089007A9AA
:106EB0001948FCF7F3FB08B1FAF78AFF602000904D
:106EC0000020019002900490002269461248FDF7CC
:106ED00068F908B1FAF77CFF042269460E48FDF70D
:106EE00060F908B1FAF774FF082269460A48FDF70D
:106EF00058F908B1FAF76CFF0C2269460648FDF70D
:106F000050F908B1FAF764FF0348FDF7A7F80DB090
:106F100000BD000000080040E005002000B58DB075
:106F2000002009900A900B900C90079008901C216B
:106F30006846F9F78FF92C482C490860072048600B
:106F400000212A48816040F21941C160002101619D
:106F50008161FCF7FDFB08B1FAF73AFF4FF480506E
:106F6000099009A92148FCF758FD08B1FAF730FF4C
:106F70001E48FDF798F908B1FAF72AFF002007909C
:106F8000089007A91948FCF789FB08B1FAF720FF18
:106F90006020009000200190029004900022694639
:106FA0001248FDF7FEF808B1FAF712FF042269460D
:106FB0000E48FDF7F6F808B1FAF70AFF082269460D
:106FC0000A48FDF7EEF808B1FAF702FF0C2269460D
:106FD0000648FDF7E6F808B1FAF7FAFE0348FDF7B0
:106FE0003DF80DB000BD0000000C00402806002058
:106FF0001CB50020009001900E480F4908605320F6
:10700000486000210C4881604FF47A71C160002112
:107010008161FCF79DFB08B1FAF7DAFE00200090D1
:10702000019069460448FCF739FB08B1FAF7D0FE35
:107030001CBD000000100040700600201CB50020A0
:10704000009001900E480F490860532048600021CD
:107050000C4881604FF47A71C16000218161FCF7B6
:1070600077FB08B1FAF7B4FE002000900190694662
:107070000448FCF713FB08B1FAF7AAFE1CBD000098
:1070800000140040B806002000B58BB0242102A8EF
:10709000F9F7E0F8002000900190184818490860BE
:1070A000002048600021164881604FF6FF71C160E2
:1070B0000021016141618161032002900020039061
:1070C0000120049000200590069007900120089070
:1070D000002009900A9002A90948FCF724FD08B194
:1070E000FAF776FE00200090019069460448FCF70C
:1070F000D5FA08B1FAF76CFE0BB000BD00040140F0
:107100000007002000B58BB0002007900890099080
:107110000A901C216846F9F79DF81F481F4908602E
:1071200040F24F10486000211C48816042F20F710C
:10713000C160002101618161FCF70AFB08B1FAF727
:1071400047FE4FF48050079007A91448FCF765FCF0
:1071500008B1FAF73DFE1148FDF7A5F808B1FAF7B6
:1071600037FE6020009000200190029004900022E1
:1071700069460A48FDF715F808B1FAF729FE042216
:1071800069460648FDF70DF808B1FAF721FE0348F5
:10719000FCF764FF0BB000BD004001404807002031
:1071A00010B50B480B4908604FF4E13048600021EE
:1071B00008488160C160016108214161002181614D
:1071C000C161FEF7D7F808B1FAF702FE10BD000062
:1071D000001001402008002010B50B480B49086042
:1071E0004FF4E1304860002108488160C1600161CE
:1071F0000C21416100218161C161FEF7BBF808B13A
:10720000FAF7E6FD10BD00000044004068080020C9
:1072100010B50B480B4908604FF416504860002128
:1072200008488160C16001610821416100218161DC
:10723000C161FEF79FF808B1FAF7CAFD10BD000062
:1072400000480040B008002000BFFEE700BFFEE796
:107250001CB5FAF7D9FA04F02DF91D4801210023D5
:107260004FF4AF72CDE900105A21642003F0F2F818
:107270000020012302464FF4AF710090782003F004
:10728000FFFA1348012100236E22CDE900104FF4CC
:10729000A071642003F0DEF8002003460246462178
:1072A0000090112003F0ECFA142004F017F9FEF717
:1072B00077FA00213C209FED070AFEF74DFDFEF70F
:1072C0006FFA05493C209FED030AFEF745FD1CBD02
:1072D000FDB10008000034C27DB200082648D0EDA0
:1072E0004C1AC0ED4D1AD0ED4B1AC0ED4C1A80ED82
:1072F0004B0A80ED4E0AD0ED571AC0ED581AD0ED6A
:107300004E1A90ED482A71EEC21AC0ED571AD0ED10
:10731000571A61EEA01AC0ED591AD0ED571A90ED28
:10732000582A71EEC21A61EE811AC0ED5A1AD0EDD8
:10733000591A90ED5A2A71EE821AC0ED631AD0EDF7
:10734000631AB6EE002AF4EEC21AF1EE10FA04DD6A
:10735000F6EE001AC0ED631A0DE00748D0ED631A8F
:10736000BEEE002AF4EEC21AF1EE10FA03D2FEEEDF
:10737000001AC0ED631A70471C01002080ED000A5E
:10738000C0ED010A80ED021ADFED0A1AC0ED031A02
:10739000DFED081AC0ED041ADFED061AC0ED051A7C
:1073A000DFED041AC0ED061ADFED021AC0ED071A70
:1073B000704700000000000000B50146F0EE401AE2
:1073C000B0EE602A31EEC20A81ED030A91ED030AA4
:1073D000DFED2C0AB4EEE00AF1EE10FA08DB91EDD5
:1073E000030ADFED290A30EE600A81ED030A10E09E
:1073F00091ED030ADFED250AB4EEE00AF1EE10FA92
:1074000007D891ED030ADFED200A30EE200A81ED66
:10741000030A91ED030AF7EE000AB4EEE00AF1EE7A
:1074200010FA0DD891ED030AFFEE000AB4EEE00A5F
:10743000F1EE10FA04DB9FED160A81ED070A15E064
:1074400091ED000AD1ED030A20EE200AD1ED030AE6
:1074500091ED041A70EEC10A91ED021A01EE200AB4
:1074600081ED070A91ED030A81ED040A09480068DD
:1074700000EE100AB8EEC00A01F11C0003F0CCFBCC
:1074800000BD0000000034430000B443000034C3DA
:10749000000000000000002000B50146F0EE401A98
:1074A000B0EE602A31EEC20A81ED030A91ED030AC3
:1074B000D1ED040A30EE600AD1ED000A20EE200A78
:1074C000D1ED010A91ED031A00EE810AD1ED030A14
:1074D00091ED041AF0EE002A42EEC10A91ED051A70
:1074E00070EE810A91ED021A01EE200AD1ED070A31
:1074F00030EE200A81ED070A91ED040A81ED050ABC
:1075000091ED030A81ED040A0548006800EE100AB7
:10751000B8EEC00A01F11C0003F07EFB00BD0000C4
:1075200004000020002800DA4042552808DC2049E9
:1075300091ED080A81ED050A91ED0A0A81ED070A2D
:1075400055280BDD6E2809DC194991ED0B0A81EDF8
:10755000050A91ED0D0A81ED070A28E06E280BDD82
:10756000B42809DC124991ED0E0A81ED050A91ED6E
:10757000100A81ED070A1AE0B4280CDDB0F58C7F03
:1075800009DA0B4991ED110A81ED050A91ED130A13
:1075900081ED070A0BE0B0F58C7F08DB044991ED23
:1075A000140A81ED050A91ED160A81ED070A70476C
:1075B0001C01002010B59FED521ADFED520A9FED1D
:1075C000520A5248FFF7DAFE9FED4D1ADFED4D0AE1
:1075D0009FED4D0A4E48FFF7D1FE9FED491ADFEDB2
:1075E000490A9FED490A4B48FFF7C8FE9FED441A30
:1075F000DFED440A9FED440A4748FFF7BFFE9FEDC9
:10760000471ADFED470A9FED470A4748FFF7B6FEE6
:107610009FED461AF6EE000A9FED450A4548FFF732
:10762000ADFE9FED3F1ADFED440A9FED440A44484A
:10763000FFF7A4FE9FED430A434880ED080A9FED43
:10764000430A80ED0A0A9FED420A80ED0B0A9FED86
:10765000410A80ED0D0A9FED400A80ED0E0A9FED74
:107660003F0A80ED100A9FED3E0A80ED110A9FED62
:107670002F0A80ED130A9FED3B0A80ED140A9FED5F
:107680002C0A80ED160A9FED290A80ED510A9FED24
:107690002A0A80ED530AB2EE0E0A80ED4D0AB2EED0
:1076A0000E0A80ED4C0AB2EE0E0A80ED4B0AB1EEE6
:1076B000060A80ED000A9FED2C0A80ED430AB2EE27
:1076C0000E0A80ED480AB2EE0E0A80ED490A9FEDDF
:1076D000270A80ED3E0A9FED250A80ED420A01202F
:1076E000194981F86C01C1F870010520C1F87401D5
:1076F0001120C1F878011320C1F87C0110BD0000F1
:10770000AE47613E9A99193FCDCC4C3FE002002034
:1077100000030020200300204003002033331340E7
:1077200000000000CDCC2C4080030020CDCC4C3D8F
:107730000AD7233DA00300200AD7233C6F12033C45
:1077400060030020295C0F3E1C0100209A99193E1D
:10775000AE47E13D0AD7233EAE47613DEC51B83D0F
:1077600096430B3CBC74133CCDCCCC3E000048424D
:107770007047000000B5194B02223F215020FEF750
:10778000D5FD164800781549497840EA012014498A
:1077900088670846806F00B200EE100AB8EEC00A93
:1077A000DFED100A80EE201A9FED0F0A21EE000A8D
:1077B000084680ED340A90ED340ADFED0C0AB4EE91
:1077C000E00AF1EE10FA07DB90ED340ADFED070A6C
:1077D00030EE600A80ED340A00BD0000F0000020A9
:1077E0001C01002000000047000034430000B443A7
:1077F00070B52DED0C8B0646042E7DD100209A49E4
:1078000008609A49C1F88402994D01209649091DE2
:1078100008600A2001F09BFD01209449C1F8800214
:107820000A2001F094FD00208F49091D08600A20FC
:1078300001F08DFD002404E0012001F088FD601CB2
:10784000C4B2782CF8DB04218A4800F02DF92870A6
:107850006D1C002084490860002458E00A2001F0D3
:1078600076FD0120804908600A2001F070FD824801
:10787000007882490870824800787F4908700421A6
:107880007C4800F011F97E49087008460078F8F746
:107890001DFE41EC1B0B9FED7B0B53EC102BF8F7FF
:1078A00092FD41EC190B74480078F8F70FFE41EC9B
:1078B0001D0B9FED760B53EC102BF8F784FD41EC7C
:1078C0001B0B6E480078F8F701FE41EC1D0B9FED95
:1078D0006F0B53EC102BF8F776FD41EC1C0B53ECBF
:1078E0001B2BF8F7C9FC41EC1A0B53EC192BF8F7DA
:1078F000C3FC41EC180B00E019E0F8F7F4FD287028
:107900006D1C00205949C1F88002601CC4B27F2C54
:10791000A4DB0A2001F01BFD0120534908600A2066
:1079200001F015FD00205149C1F8800298E0052EB4
:10793000FCD10020574908605749C1F8A0024C4DBE
:1079400001205449091D08600A2001F000FD0120B2
:107950005149C1F89C020A2001F0F9FC00204D4970
:10796000091D08600A2001F0F2FC002404E0012057
:1079700001F0EDFC601CC4B2782CF8DB05213D4819
:1079800000F092F828706D1C002042490860002425
:1079900056E00A2001F0DBFC01203E4908600A2085
:1079A00001F0D5FC3D4800683D4908603D4800684D
:1079B0003A49086005212F4800F076F839490860F7
:1079C00008460068F8F782FD41EC1A0B9FED2D0B7D
:1079D00053EC102BF8F7F7FC41EC1C0B2F48006818
:1079E000F8F774FD41EC1D0B9FED280B53EC102BA9
:1079F000F8F7E9FC41EC1A0B29480068F8F766FD36
:107A000041EC1D0B9FED210B53EC102BF8F7DBFC29
:107A100041EC1B0B53EC1A2BF8F72EFC41EC190B25
:107A200053EC1C2BF8F728FC41EC180BF8F75BFD26
:107A300028706D1C00201849C1F89C02601CC4B25B
:107A40007F2CA6DB0A2001F082FC0120114908608E
:107A50000A2001F07CFC00200F49C1F89C0200BF05
:107A6000BDEC0C8B70BD000080024342000043421D
:107A70005809002018040020F6000020F70000201C
:107A8000F50000209A9999999999D93F3333333366
:107A90003333D33F9C02424200004242FC000020AC
:107AA00000010020F80000202DE9FF4107460C46A8
:107AB000002000900190029003900094012001901A
:107AC0000220029069460F48FAF72EFA0D48FAF79D
:107AD00049FC0A210B48FAF7DDFB0A48FAF7EDFAF0
:107AE00005460848FAF7BEFDC5EB4510C0EB05207A
:107AF00040F6FF71B0FBF1F0C6B2304604B0BDE80D
:107B0000F08100001804002010B501F063FBF9F7C4
:107B1000B5FE04A1002000F011F84FF4FA7003F054
:107B2000DDFC10BD5B7631335D5B74355DD7BCB178
:107B3000B8CDEAB1CF000000704700002DE9F04158
:107B40008EB080460E46002700243046F8F78DFBA5
:107B5000C5B2FD208DF8040000208DF80500E81C5A
:107B6000C0B28DF8060001208DF8070040EA081029
:107B7000C0B28DF8080000BF03E001A8005D4740D7
:107B8000641C052CF9D3002402E0305D4740641CDE
:107B9000AC42FAD32A4631460DF10900F8F741FB11
:107BA000681D01A90F54AA1D034B0448FDF758FD99
:107BB0000EB0BDE8F0810000A0860100B0080020F2
:107BC00010B50446062C1DD2DFE804F01C03080D96
:107BD000121710A10020FFF7B1FF18E013A1002039
:107BE000FFF7ACFF13E017A10020FFF7A7FF0EE09F
:107BF0001AA10020FFF7A2FF09E01EA10020FFF755
:107C00009DFF04E021A10020FFF798FF00BF00BF07
:107C100010BD00005B7631335D5B74355DB5BDB47E
:107C2000EFB6ABD4C0CCA9C9BD0000005B76313340
:107C30005D5B74355DB5BDB4EFCEF7D4C0BBAAC9EA
:107C4000BD0000005B7631335D5B74355DB5BDB45E
:107C5000EFC4CFD4C0BAE2C9BD0000005B763133B7
:107C60005D5B74355DB5BDB4EFB1B1D4C0BAE3C9E5
:107C7000BD0000005B7631335D5B74355DB5BDB42E
:107C8000EFD6D0D4C0E1D4C9BD0000005B7631335B
:107C90005D5B74355DB5BDB4EFD6B1C1A2BEB0B504
:107CA000E30000000FB410B5A2B025A80190802118
:107CB00002A8019B249A00F05BFD0446002001907D
:107CC000002C01DB7C2C04DB012022B010BC5DF811
:107CD00014FBFF222046641C02A90A542046641C9F
:107CE0000A542046641C0A54A2B264230148FDF7DA
:107CF000B7FCEAE7200800200FB410B5A2B025A811
:107D00000190802102A8019B249A00F031FD0446D5
:107D100000200190002C01DB7E2C04DB012022B02E
:107D200010BC5DF814FB0A222046641C02A90A5408
:107D3000A2B264230148FDF793FCF0E76808002035
:107D400010B5FBF723F810BD00B593B0302107A89C
:107D5000F8F780FA142102A8F8F77CFA00BF002097
:107D600001902548006840F080502349086008468B
:107D7000006800F08050019000BF00BF00BF0020ED
:107D800001901E48006840F480401C490860084685
:107D9000006800F48040019000BF00BF02200790FF
:107DA00001200A9010200B9002200D9000210E91CE
:107DB00008210F91A8211091022111910421129103
:107DC00007A8FBF701FA08B1FAF702F80F200290B2
:107DD00002200390002004904FF4A05005904FF42F
:107DE00080500690052102A8FBF7AEF808B1F9F71C
:107DF000EFFF13B000BD00004038024000700040AB
:107E00000348006840F470000149086070470000B2
:107E100088ED00E010B50348FCF769F80248FCF76C
:107E200066F810BD080500209007002010B5024834
:107E3000FCF75DF810BD00007006002010B5024888
:107E4000FCF755F810BD0000B806002010B5026818
:107E50002D4B98420ED0B0F1804F0BD02B4B984257
:107E600008D02B4B984205D02A4B984202D02A4B7F
:107E7000984203D122F070024B681A43224B984279
:107E800020D0B0F1804F1DD0204B98421AD0204B0B
:107E9000984217D01F4B984214D01F4B984211D0D4
:107EA0001E4B98420ED01E4B98420BD01D4B984251
:107EB00008D01D4B984205D01C4B984202D01C4B59
:107EC000984203D122F44072CB681A4322F0800317
:107ED0004C6943EA040202608B68C3620B688362E8
:107EE000094B984202D00C4B984201D10B690363B5
:107EF00001234361036903F001031BB1036923F00C
:107F00000103036110BD00000000014000040040B7
:107F100000080040000C0040000401400040014007
:107F2000004401400048014000180040001C00408F
:107F30000020004030B501F01F05012404FA05F3CC
:107F4000046A9C430462046A01F01F0502FA05F505
:107F50002C43046230BD30B50C46816821F47F416A
:107F600042EA032525432943816030BD0A468168E2
:107F700021F0700142F0070319438160704700004F
:107F800030B5026A056A25F0010505624368846917
:107F900024F0700424F003040D682C4322F0020244
:107FA0008D682A43104DA84200D103E00F4DA8422E
:107FB00006D100BF22F00802CD682A4322F0040255
:107FC000094DA84202D0094DA84207D123F480737D
:107FD00023F400734D692B438D692B434360846107
:107FE0004D684563026230BD00000140000401405D
:107FF00030B5026A056A25F0100505624368846998
:1080000024F4E04424F440740D6844EA052422F08A
:1080100020028D6842EA0512124DA84200D103E009
:10802000114DA84207D100BF22F08002CD6842EA7C
:10803000051222F040020B4DA84202D00A4DA84280
:1080400009D123F4806323F400634D6943EA850377
:108050008D6943EA8503436084614D6885630262EC
:1080600030BD0000000001400004014030B5026A4C
:10807000056A25F4807505624368C46924F07004BC
:1080800024F003040D682C4322F400728D6842EA48
:108090000522124DA84200D103E0114DA84207D19C
:1080A00000BF22F40062CD6842EA052222F4806219
:1080B0000A4DA84202D00A4DA84209D123F48053A8
:1080C00023F400534D6943EA05138D6943EA051310
:1080D0004360C4614D68C563026230BD0000014069
:1080E0000004014030B5036A056A25F48055056235
:1080F0004468C26922F4E04222F440720D6842EA08
:10810000052223F400538D6843EA0533084DA84245
:1081100002D0084DA84204D124F480444D6944EAB9
:1081200085144460C2614D680564036230BD00007F
:10813000000001400004014030B50B461446026ABD
:10814000056A25F001050562816921F0F00141EA27
:10815000041122F00A021A438161026230BD30B577
:108160000B461446026A056A25F01005056281690E
:1081700021F4704141EA043122F0A00242EA0312E4
:108180008161026230BD70B50546AC6B0020E085B0
:10819000E0842046FCF778FF70BD00BF00BF026896
:1081A0000C3252E8002F22F4907102680C3242E83F
:1081B0000013002BF3D100BF00BF00BF02681432D0
:1081C00052E8002F22F001010268143242E8001345
:1081D000002BF3D100BF016B01290ED100BF00BFFE
:1081E00002680C3252E8002F22F0100102680C32B3
:1081F00042E80013002BF3D100BF202180F8421089
:1082000000210163704710B504462068C06820F063
:1082100040002168C860202084F841002046FDF716
:108220007EFA002010BDF8B5044694F842002228DA
:1082300075D1A068B0F5805F0CD1206950B90025D8
:10824000A66A20684068C0F308003080A06A801CDD
:10825000A06215E0A56A0026A068B0F5805F03D093
:10826000A06828B9206918B920684068287004E01F
:108270002068406800F07F002870A06A401CA0625F
:10828000E08D401E80B2E085002846D12068C0689D
:1082900020F020002168C8602068C06820F4807049
:1082A0002168C8602068406920F0010021684861A9
:1082B000202084F8420000206063206B012826D132
:1082C0000020206300BF00BF21680C3151E8001F6F
:1082D00021F0100021680C3141E80002002AF3D19E
:1082E00000BF2068006800F0100010280AD100BF0D
:1082F000002000902068006800902068406800908E
:1083000000BF00BFA18D2046FCF75BFE02E02046C7
:10831000FDF766F90020F8BD01E00020FBE7022030
:10832000F9E700002DE9F84F04462068006920F4C1
:108330004050E1680843216808612169A06808434A
:1083400061690843E169084300902068C06849F208
:108350000C618843009908432168C860206840691F
:1083600020F44070A169084321684861764920687B
:10837000884203D075492068884203D1FAF7BCFED1
:10838000814602E0FAF7A8FE8146E069B0F5004FA9
:108390006CD102206168A0FB015003461920A9FBA3
:1083A000007001462A463846F7F70AFF6421B0FB01
:1083B000F1F04FEA001A02206168A0FB01510B4660
:1083C0001920A9FB00712A463846F7F7F9FE8346C3
:1083D00002206168A0FB015003461920A9FB00712F
:1083E0002A463846F7F7ECFE6421B0FBF1F000EBCB
:1083F000C00101EB0010ABEB8000322101EBC000AB
:108400006421B0FBF1F000F0F8000AEB400A022012
:108410006168A0FB015003461920A9FB00700146CA
:108420002A463846F7F7CCFE834602206168A0FB57
:10843000015003461920A9FB00712A463846F7F778
:10844000BFFE6421B0FBF1F000EBC00101EB0010B6
:10845000ABEB8000322101EBC0006421B0FBF1F0F6
:1084600000F007005044216888606AE004206168D9
:10847000A0FB015003461920A9FB007001462A46C3
:108480003846F7F79DFE824604206168A0FB015044
:1084900003461920A9FB007001462A463846F7F723
:1084A0008FFE6421B0FBF1F000EBC00101EB001086
:1084B000AAEB8000322101EB00106421B0FBF1F047
:1084C00000F0F00A04206168A0FB01700346192047
:1084D000A9FB00513A462846F7F772FE6421B0FB2B
:1084E000F1F00AEB001A04206168A0FB01510B4671
:1084F0001920A9FB00712A463846F7F761FE83462A
:1085000004206168A0FB015003461920A9FB0070FC
:1085100001462A463846F7F753FE6421B0FBF1F0D6
:1085200000EBC00101EB0010ABEB8000322101EB4E
:1085300000106421B0FBF1F000F00F0050442168FE
:108540008860BDE8F88F0000001001400014014071
:1085500010B5034699629A85DA8500205864222076
:1085600083F84200186928B11868C06840F4807028
:108570001C68E0601868406940F001001C68606198
:108580001868C06840F020001C68E060002010BD42
:10859000014691F84100212828D18868B0F5805F14
:1085A0000BD1086948B90A6A1088C0F308000B6843
:1085B0005860086A801C086205E00B6A581C086253
:1085C00018780B685860C88C401E80B2C88458B9AF
:1085D0000868C06820F080000B68D8600868C06830
:1085E00040F040000B68D860002070470220FCE794
:1085F0002DE9F84304460D4617469846089E31E09B
:10860000701C70B3FAF7BCFBA0EB0800B04200D8B6
:1086100016B90320BDE8F8832068C06800F00400A4
:10862000F8B1802D1ED0402D1CD020680068C0F30A
:10863000C000B0B100BF002000902068006800902A
:1086400020684068009000BF00BF2046FFF7A5FDEE
:108650000820606400BF002084F8400000BF0120B3
:10866000D8E7FFE7206800682840A84201D1012030
:1086700000E00020B842C3D00020CBE710B502488C
:10868000FCF704FD10BD00006808002038B500208C
:108690001749087017490870174908701748FCF700
:1086A00091FC04460CB1204638BD00BF002000906C
:1086B0001248006800680090104800684068009008
:1086C00000BF00BF00200E4908704870887001206C
:1086D0000749087001220A49891C0848FCF76AFF0B
:1086E000044614B10020024908702046DCE700006F
:1086F000E7000020E8000020E900002068080020D2
:10870000E400002010B50020024908700248FCF780
:1087100059FC10BDE70000206808002000BFFEE7FC
:10872000012801DB052800DD704706490A78411E53
:10873000054B5A540021034A1170044A117000BFBE
:10874000F2E70000E9000020EA000020E800002035
:108750000FB4054B10B503A9044A029800F016F9AE
:1087600010BC5DF814FB0000CDA10008180100202A
:108770007CB5044600201D46164600290BD0491E34
:10878000CDE90041044B6A462946304600F0FEF828
:10879000009A002111707CBDBB900008024800685F
:1087A000C0F30220704700000CED00E010B5002877
:1087B00004DB0A07130E054A135406E00A07140ED9
:1087C000034A00F00F031B1FD45410BD00E400E067
:1087D00018ED00E02DED020B019820F00040019013
:1087E0009DED000B02B0704702E008C8121F08C1DF
:1087F000002AFAD170477047002001E001C1121F22
:10880000002AFBD1704700002DE9FF5F82B00021F4
:10881000DDE90430020DDDF840B0034318D044F622
:108820001050A2F2FF3242431514119801281FD0B4
:10883000A5EB0B00401C5FEA000A4FF000064E4F0C
:10884000DFF83891B046504615D5CAF1000413E060
:10885000119801244AA3012801D16FEA0B01029863
:10886000119AC0E90031C0E9024206B0BDE8F09FAC
:10887000CBF10000DFE704460021404A491842EBF3
:108880000450CDE9001012E0E00707D032463B4625
:1088900040464946F7F797FD8046894632463B46B3
:1088A00010461946F7F78FFD06460F466410002C58
:1088B000EAD1DDE90401DDE90023BAF1000F06DAAF
:1088C000F7F781FD42464B46F7F77DFD05E0F7F7E8
:1088D0005EFF42464B46F7F75AFF04460E4600221B
:1088E000284BF7F745FE03D84FF0FF30014607E06D
:1088F0000022254B20463146F7F7BEFCF7F7B6FFBE
:10890000102409E0002C0ADB0A220023F7F758FCA8
:10891000039B30321A55641E50EA0102F2D1641CE6
:10892000039AC4F111031444119A012A03D00122BD
:1089300008430DD10AE0084304D000204FF0110B8A
:10894000119072E7A3EB0B056D1E0DE05B4504DD96
:108950004FF0000205F1010504E003DA4FF00002D8
:10896000A5F10105002AECD002981199C0E9023165
:10897000C0E9004579E70000000014400000F03F26
:10898000300000000000F0430000E03F2DE9FF4F01
:1089900095B09B468946064600250FE2252877D1EB
:1089A00000242746F84A0121059400E0044316F804
:1089B000013F203B01FA03F01042F7D130782A281A
:1089C00011D06FF02F033078A0F13002092A16D8A9
:1089D000059A44F0020402EB820203EB42021044C7
:1089E000761C0590EFE759F8042B0592002A03DA6C
:1089F000504244F40054059044F00204761C307850
:108A00002E2816D116F8010F44F004042A280DD0A0
:108A10006FF02F023078A0F13003092B09D807EB53
:108A2000870302EB4303C718761CF3E759F8047B6E
:108A3000761C30786C280FD006DC4C2817D06828BC
:108A40000DD06A2814D104E0742810D07A280FD1F0
:108A50000DE044F400140AE044F4801401E044F40E
:108A600040147278824202D104F58014761C761C80
:108A7000307866280BD013DC582877D009DC002822
:108A800075D04528F6D04628F4D047281AD19DE164
:108A900018E0632835D0642879D0652812D195E193
:108AA000702873D008DC6728F1D069286FD06E2851
:108AB0000DD06F2806D1B5E073282CD0752875D05D
:108AC000782874D05A46179990476D1C75E1C4F305
:108AD0000250022809D003280DD0D9F8001004282C
:108AE0000DD00D6009F1040967E1D9F80010EA170B
:108AF000C1E90052F6E7D9F800100D80F2E70D70D9
:108B0000F0E719F8041B8DF8001000208DF8010023
:108B1000EA46012003E059F804AB4FF0FF3061074B
:108B20004FF0000102D40DE008F101018846B9427E
:108B30000FDA8045F8DB1AF808100029F4D108E0B4
:108B400008F1010188468142FADB1AF80810002971
:108B5000F6D105985B46A0EB080721463846179AE0
:108B600000F094FA284400EB080507E04DE029E105
:108B70000DE01AF8010B5A4617999047B8F1010811
:108B8000F7D25B4621463846179A13E142E00A22A3
:108B90000092C4F302524FF0000A022A08D059F89A
:108BA00004CB032A4FEAEC710AD00DE029E02AE059
:108BB00009F1070121F00702F2E802C1914609E03C
:108BC0000FFA8CFC4FEAEC71042A03D14FFA8CFCAB
:108BD0004FEAEC71002907DA0A460021DCF1000CAB
:108BE00061EB02012D2202E0220504D52B228DF833
:108BF0000420012203E0E20701D02022F7E790469B
:108C000059E00A2102E010220DE010214FF0000A85
:108C100000910BE010224FF0000A44F004040827F2
:108C2000009203E008224FF0000A0092C4F30252BF
:108C3000022A05D059F804CB0021032A08D009E004
:108C400009F1070121F00702F2E802C1914605E0AF
:108C50001FFA8CFC042A01D10CF0FF0C4FF0000825
:108C6000220728D5702806D0009B83F0100353EA12
:108C70000A0305D00EE040228DF80420012208E00E
:108C80005CEA010206D030228DF804208DF8050040
:108C900002229046009B83F0080353EA0A030AD19C
:108CA0005CEA010201D1620705D530228DF804206B
:108CB0004FF001087F1E582804D034A003900EA85E
:108CC00002900DE036A0F9E753466046009AF7F7A8
:108CD00077FA84460398825C0298401E02900270E4
:108CE0005CEA0100F0D1029806A9081A00F1200AF6
:108CF000600702D524F4803400E00127574502DDE7
:108D0000A7EB0A0000E0002000EB0A0100900598A4
:108D10004144401A0590E00306D45B462146179A69
:108D2000059800F0B3F90544002706E001A85A466B
:108D3000C05D179990476D1C7F1C4745F6DBE0032B
:108D40000CD55B462146179A059800F09FF905441B
:108D500004E030205A46179990476D1C0099481E30
:108D600000900029F5DC08E0029802995A46007844
:108D7000491C0291179990476D1CBAF10001AAF1A4
:108D8000010AF1DC65E100000928010030313233CD
:108D90003435363738396162636465660000000037
:108DA0003031323334353637383941424344454621
:108DB0000000000000F058F90544761C30780028C7
:108DC0007FF4ECAD19B02846BDE8F08F620700D4FF
:108DD000062709F1070222F0070CFCE80223E1460E
:108DE00003F000485FEA080C02D00FF2702C0DE08F
:108DF0005FEA045C02D50FF2682C07E05FEAC47CEE
:108E000002D00FF2602C01E0AFF2700C4FF0FF388F
:108E100023F00043CDF850C065280CD006DC45286F
:108E200009D046281DD047283DD13DE0662818D0FE
:108E300067287ED138E00021112F01DB112000E0EE
:108E4000781CCDE9000106A90EA8FFF7DDFCDDE9DD
:108E50000F010E9A03910021009207F1010A04917B
:108E60004DE04FF000400097CDE9011006A90EA893
:108E7000FFF7CAFCDDE90F0203920E9B1199002255
:108E8000DDF80CA00093049211B9791C00EB010AE3
:108E9000B7EB0A0004D4C0F1FF3007F1010A0490D7
:108EA000AAEB0700019044E0012F00DA012700211E
:108EB000112F01DD112000E03846CDE9000106A99F
:108EC0000EA8FFF7A1FCDDE90F010E9A0391002126
:108ED00004910092BA4621070CD40399514500DA57
:108EE0008A46BAF1010F05DD009AAAF10101515C31
:108EF000302908D0B84202DA10F1040F06DA012155
:108F0000CDE9011015E0AAF10101E9E7002805DC2F
:108F1000049901440491AAEB000102E0411C51456F
:108F200000DD8A460499401A401C01904FF0004031
:108F30000290200704D40198504501DBCDF804804D
:108F400000208DF84F0002980DF14F07B0F1004F4F
:108F500025D02B200E9002984FF0020800280CDA42
:108F6000404202902D200E9007E00A210298F7F768
:108F700033FB3031029007F8011DB8F10001A8F170
:108F80000108F2DC02980028EFD1791E0E980870D3
:108F9000307800F0200040F0450007F8020D12A8DC
:108FA000C01B00F107081498007800B1012000EB05
:108FB0000A01019801EBE07105984144401A401EF6
:108FC0000590E00306D45B462146179A059800F009
:108FD0005DF805441498007818B15A4617999047DF
:108FE0006D1CE00324D55B462146179A059800F0D6
:108FF0004DF805441CE00498002807DBDDE9030177
:10900000884203DD0098405C179901E017993020F1
:109010005A469047049805F10105401C04900198B8
:10902000401E019004D12E205A46179990476D1C7E
:10903000BAF10001AAF1010ADDDC05E017F8010B25
:109040005A46179990476D1CB8F10001A8F1010824
:10905000F4DC5B462146179A0598ABE62D0000002C
:109060002B000000200000002DE9F04104460025FF
:109070001E461746880404D405E039462020B04730
:109080006D1C641EF9D52846BDE8F0812DE9F0413C
:10909000044600251E469046C80301D5302700E04F
:1090A0002027880404D505E041463846B0476D1CAA
:1090B000641EF9D52846BDE8F0814A68002A06D02A
:1090C0000A68531C0B6010704868401E4860704767
:1090D00010B52DED0A8BB0EE408AF0EE608AB0EE4E
:1090E000419A19EE100AF7F717FA41EC1A0B38EE0D
:1090F000680A10EE101A0846F7F70EFA41EC1C0B3E
:10910000B0EE4C0AF0EE6C0AFFF764FBB0EE40BA2A
:10911000F0EE60BA53EC1A2B51EC1B0BF7F710FA78
:1091200003D80120BDEC0A8B10BD0020FAE7000037
:10913000264890F86C0108B3244890ED420ADFED10
:10914000240A70EE600AD0F87801C01E00EE100A02
:10915000B8EEC00AF4EEC00AF1EE10FA0FD81B48C0
:10916000D0F87C011949D1F87411884229DA1748DE
:10917000D0F87C01401C1549C1F87C0121E013485E
:1091800090ED420ADFED120A70EE600AD0F8780125
:10919000C01C00EE100AB8EEC00AF4EEC00AF1EEF0
:1091A00010FA0EDB0948D0F87C010849D1F870119B
:1091B000884206DD0548D0F87C01401E0349C1F80D
:1091C0007C010248D0F87C01704700001C0100209F
:1091D00000000C4210B500240EE02CB90720F8F76F
:1091E00053FE48B9012407E0012C05D10720F8F708
:1091F0004BFE012800D100E0EFE700BF10BD0000EA
:1092000070B52DED028B3F4890ED1D0AB0EE408AFF
:109210003D48006818B13C480068804708B101200B
:1092200000E0002005461DB90020BDEC028B70BD9A
:10923000FCF7B6FA354890ED000ADFED350A20EE6E
:10924000200ADFED340A80EE201ABDEEC10A10EECE
:10925000104A2C48B0F8D40020444FF4B47110FBED
:1092600001F000EE100AB8EEC00ADFED2B0A80EE26
:10927000201A244880ED361A0020224981F8820104
:1092800081F886019FED250A084680ED630A0220D9
:1092900081F88101012081F868000020C86620491A
:1092A00048608860C86008619FED1C0A1D4880ED19
:1092B000070A9FED1A0A1C4880ED070A9FED170A5E
:1092C00080ED030A9FED150A80ED040A9FED130A55
:1092D00080ED050A9FED110A144880ED070A012070
:1092E000084981F8E000124880ED008A084680EDC8
:1092F0001D8A10480068C1F89C0101200E490870C1
:10930000002092E71C010020DC000020D800002093
:1093100000000047000034430000804700000000C8
:10932000D40300206003002080030020A00300205D
:10933000D4000020E0000020D000002000EB8001DD
:10934000480100BF011EA0F10100FBD1704764215C
:10935000484300BF011EA0F10100FBD1704700008F
:1093600010B541200449086704493220B0EE080ACC
:10937000FCF70CFC10BD00001C0100204DB10008E2
:1093800008B5F8F75BFAFCF70BFAF8F74FFA0F207D
:1093900008490867084932209FED080AFCF7F6FBE8
:1093A00000200123024632210090232001F068FAB8
:1093B00008BD00001C0100204DB1000800000000A5
:1093C00008B5FCF7EDF9F8F731FA0F2008490867FE
:1093D000084932209FED080AFCF7D8FB002003461D
:1093E000024632210090084601F04AFA08BD00000A
:1093F0001C0100204DB100080000000000B585B040
:10940000FCF7CEF9002132209FEDFE0AFCF7A4FC08
:1094100002F050F81420FC490867FC4800210B4674
:10942000C822CDE900106E21642001F013F8FCF78A
:10943000B7F9F74800210B466422CDE900109621C8
:10944000322001F007F84FF4AF7002F047F8FCF754
:1094500067F960B33220EC490867EC4800210B46FD
:10946000E622CDE900104621322000F0F3FFE84863
:1094700000210B466E22CDE90010E621462000F0C7
:10948000E9FF002003460246322100900F2001F040
:10949000F7F9FCF785F9002137209FEDDE0AFCF78C
:1094A0005BFC02F007F80120DB49086015E2DB48AD
:1094B000DB490022531ECDE90132CDE903106FF0E4
:1094C000F9009FEDD80A0A236FF0C70251100090EF
:1094D000322001F0B1F8FCF763F9002164209FED20
:1094E000D20AFCF739FC01F0E5FF1420C6490867F1
:1094F000C64800210B46C822CDE900106E2150203D
:1095000000F0A8FFFCF74CF9C14800210B466E2281
:10951000CDE90010B421502000F09CFF4FF4AF7053
:1095200001F0DCFFFCF7FCF800284ED01E20B64905
:109530000867B64800210B46C822CDE90010552126
:10954000642000F087FFB24800210B466E22CDE96F
:109550000010C821322000F07DFF002003460246A3
:10956000552100900F2001F08BF9142001F0B6FF77
:10957000FCF716F9002164209FEDA60AFCF7ECFB2E
:1095800001F098FF3C20A0490867A04800210B4645
:10959000FA22CDE900106E21642000F05BFF9C48A8
:1095A00000210B466E22CDE90010FA21322000F096
:1095B00051FF0020431E024655210090322001F049
:1095C0005FF902209449086087E194489449002299
:1095D000531ECDE90132CDE903106FF0F9009FED84
:1095E000910A0A236FF0C70251100090322001F057
:1095F00023F8FCF7D5F8002164209FED8C0AFCF7D6
:10960000ABFB01F057FF8A48012100234FF496720B
:10961000CDE900106E21642000F01CFF00200346FD
:1096200002464FF496710090462001F029F97848DF
:1096300000210B466E22CDE90010E621502000F0FB
:1096400009FF002003460246552100901B2001F02F
:1096500017F9142001F042FFFCF7A2F800213C208A
:109660009FED6C0AFCF778FB01F024FF142066499B
:109670000867664800210B46DC22CDE900106E2108
:10968000642000F0E7FEFCF78BF8614800210B46F0
:109690006E22CDE90010DC21322000F0DBFE4FF419
:1096A000AF7001F01BFFFCF73BF800287FD03C2097
:1096B00055490867554800210B46DC22CDE90010CA
:1096C0004621642000F0C6FE514800210B466E2260
:1096D000CDE90010DC21502000F0BCFE55480023ED
:1096E0001A4632210090192001F0CAF8FCF758F808
:1096F00000213C209FED500AFCF72EFB322001F0A8
:10970000EDFEFCF74DF84D493C209FED4B0AFCF770
:1097100023FB01F0CFFE4A4800210B46A022CDE9F1
:1097200000106E21322000F095FE00200346024614
:1097300041210090BE2001F0A3F8354800210B46DE
:109740004FF49672CDE900107821502000F082FE8F
:109750000020034602464FF4967100901E2001F04F
:109760008FF80020034602464FF48C7100904FF4AE
:10977000406000F039FD6420234908672348002138
:109780000B466E22CDE90010FA21502000F062FE57
:1097900000200346024650210090012000F0A6FD63
:1097A000FBF7FEFF03201C49086096E0FFE71B481B
:1097B0001B490022531ECDE90132CDE903106FF0A1
:1097C000F9009FED180A0A236FF0C70251100090AC
:1097D000322000F031FFFBF7E3FF002164209FED12
:1097E000190AFCF7B9FA01F065FE2D200649086751
:1097F000064800210B464FF49672CDE900106E2109
:10980000962021E00000AC421C0100204DB1000870
:10981000FDB100080000B442A8000020CDB100084E
:10982000D1B2000800000000000048C2000034C2AD
:109830003DB20008B9B10008000034427DB2000812
:10984000A5B100080000204200F004FE00200346FD
:1098500002464FF496710090032000F0C5FC0020F2
:10986000034602464FF4967100901E2001F008F85E
:109870000020034602464FF496710090032000F04A
:10988000B3FC0020034602464FF4967100905A2024
:1098900000F0F6FF96201249C1F8900111484FF0F0
:1098A000FF3100236E22CDE90010FA21962000F04E
:1098B000D1FD0D484FF0FF3300226421009032208B
:1098C00000F0DEFF0020431E0246502100900846B3
:1098D00000F0D6FF04200549086005B000BD000077
:1098E0001C01002009B40008FDB10008A8000020F8
:1098F0001CB5FBF755FF002132209FED1B0AFCF73A
:109900002BFA01F0D7FD194800210B464FF48C7259
:10991000CDE900106E21322000F09CFD00200346AE
:1099200002464FF48C710090142000F0A9FF0F48FC
:1099300000210B468222CDE90010FA21502000F0D0
:1099400089FD002003460246462100900F2000F0CA
:1099500097FFFBF725FF00213C209FED030AFCF752
:10996000FBF901F0A7FD1CBD0000B442FDB10008E9
:109970001CB5FBF715FF00215020B3EE0E0AFCF7D3
:10998000EBF901F097FD14203349086733480021B3
:109990000B46FA22CDE900106E21502000F05AFD4E
:1099A000FBF7FEFE2E4800210B464FF4A072CDE9D6
:1099B0000010FA21502000F04DFD1E2026490867B6
:1099C000264800210B46DC22CDE900104FF48C71B3
:1099D000642000F03FFD224800210B466E22CDE9B5
:1099E0000010B421502000F035FD1E4800231A4617
:1099F000552100900F2000F043FF142001F06EFD70
:109A0000FBF7CEFE00213C209FED170AFCF7A4F9DE
:109A100001F050FD282010490867104800210B462E
:109A20004FF4A072CDE900106E21642000F012FD09
:109A30000B4800210B466E22CDE900104FF49671C1
:109A4000502000F007FD0020431E02464B210090ED
:109A5000322000F015FF1CBD1C0100204DB1000894
:109A6000FDB10008CDB100080000B4421CB5FBF701
:109A700097FE00213C209FED4E0AFCF76DF9322045
:109A800001F02CFDFBF78CFE4A493C209FED480A73
:109A9000FCF762F901F00EFD474800210B464FF438
:109AA0009672CDE900106E21322000F0D3FC002028
:109AB000034602464FF48C710090142000F0E0FE43
:109AC0003D4800210B466E22CDE90010FA215020BE
:109AD00000F0C0FC394800231A46462100901920A6
:109AE00000F0CEFEFBF75CFE00213C209FED300A2B
:109AF000FCF732F9322001F0F1FCFBF751FE0021B6
:109B00003C209FED2B0AFCF727F901F0D3FC2C48F1
:109B100000210B46A022CDE900106E21322000F07A
:109B200099FC00200346024641210090BE2000F02F
:109B3000A7FE00200346024664210090052000F0A5
:109B40009FFE1D4800210B464FF49672CDE9001090
:109B50007821502000F07EFC0020034602464FF49E
:109B600096710090322000F08BFE002003460246E2
:109B70004FF48C7100904FF4406000F035FB64208E
:109B800010490867104800210B466E22CDE90010ED
:109B9000FA21502000F05EFC0020034602465021CE
:109BA0000090012000F0A2FBFBF7FAFD1CBD0000B5
:109BB000000034427DB20008FDB10008B9B10008D0
:109BC000A5B100081C0100204DB100081CB5FBF731
:109BD000E7FD00213C209FED2C0AFCF7BDF801F0C9
:109BE00069FC2D2029490867294800210B464FF4BC
:109BF0009672CDE900106E21962000F02BFC00201B
:109C0000034602464FF4A0710090032000F0ECFAE6
:109C10000020034602464FF4AF7100901E2000F072
:109C20002FFE0020034602464FF4A071009003204F
:109C300000F0DAFA0020034602464FF496710090D5
:109C40005A2000F01DFE96201049C1F890011148DD
:109C50004FF0FF3100236E22CDE90010FA2196204B
:109C600000F0F8FB0C484FF0FF3300226421009015
:109C7000322000F005FE0020431E024655210090D0
:109C8000502000F0FDFD1CBD000007431C0100201A
:109C90004DB1000809B40008FDB100081CB51E2034
:109CA00069490867694800210B469622CDE90010F2
:109CB0003221084600F0CEFB654800210B466422A5
:109CC000CDE900108221322000F0C4FBFBF768FDD3
:109CD00055210D20FBF746FFFBF762FD00213C20DC
:109CE0009FED5C0AFCF738F801F0E4FB5A480021CC
:109CF0000B468222CDE900106421322000F0AAFB3D
:109D00000020034602463C210090A02000F0B8FD50
:109D100014204D4908674D4800210B46DC22CDE94F
:109D200000107821322000F095FB4C4800210B46B2
:109D30006E22CDE90010B421322000F08BFBFBF73E
:109D40002FFD55211020FBF70DFFFBF729FD00210A
:109D50003C209FED430AFBF7FFFF142001F0BEFB00
:109D6000FBF71EFD3F493C209FED3D0AFBF7F4FF4A
:109D7000142035490867354800210B465A22CDE9A1
:109D800000102821502000F065FB344800210B46CC
:109D90004FF49672CDE900107821502000F05AFB64
:109DA0000020034602464FF4967100901E2000F0FA
:109DB00067FD2A4800210B468222CDE900104FF4AE
:109DC0008C71322000F046FBFBF7EAFC55210D2098
:109DD000FBF7C8FEFBF7E4FC22493C209FED220A7A
:109DE000FBF7BAFF01F066FB002001230246552174
:109DF0000090142000F044FD184800210B464FF459
:109E0000AF72CDE900106421084600F023FB00206A
:109E1000034602464FF4A0710090462000F030FD4A
:109E20000B48012100236E22CDE900104FF48C7104
:109E3000502000F00FFB0020012302465521009026
:109E4000322000F01DFD1CBD1C0100204DB100089A
:109E5000FDB100080000BEC2A5B100083DB2000877
:109E6000000034427DB200080000AA421CB519204F
:109E700056490867564800210B469622CDE9001046
:109E80003221084600F0E6FA524800210B465A22D9
:109E9000CDE900108221322000F0DCFAFBF780FCD3
:109EA00055210D20FBF75EFEFBF77AFC00213C20DC
:109EB0009FED490AFBF750FF01F0FCFA0020034632
:109EC00002465A210090142000F0DAFC4348002199
:109ED0000B464FF4A072CDE900105A21642000F027
:109EE000B9FA0020034602464FF4A07100901420F6
:109EF00000F0C6FC0020034602464FF4A07100901B
:109F00004FF4406000F070F90020034602464FF421
:109F10008C710090142000F0B3FC2E4800210B46F9
:109F20005522CDE90010FA21642000F093FA19209F
:109F300026490867FBF734FC254955209FED280A80
:109F4000FBF724FEFBF72CFC00213C209FED250AAB
:109F5000FBF702FF142001F0C1FAFBF721FC2249B4
:109F60003C209FED200AFBF7F7FE0020012302466C
:109F700055210090142000F083FC184800210B4666
:109F80004FF4AF72CDE900106421084600F062FA88
:109F90000020034602464FF4A07100903C2000F0E0
:109FA0006FFC0C48012100236E22CDE900104FF414
:109FB0008C71502000F04EFA0020012302465521FA
:109FC0000090372000F05CFC1CBD00001C0100204C
:109FD0004DB10008FDB1000800002CC23DB20008E0
:109FE00000000000000070427DB200081CB501F0C6
:109FF00061FA254800210B464FF4A072CDE900100C
:10A000006E21642000F026FA0020034602464FF439
:10A01000A07100902D2000F033FC00200346024682
:10A020004FF496710090032000F0DEF80020034604
:10A0300002464FF48C710090282000F021FC134858
:10A0400000210B466E22CDE90010FA21642000F0B9
:10A0500001FAFBF7A5FB55211820FBF783FD322001
:10A0600001F03CFAFBF79CFB09493C209FED090AF3
:10A07000FBF772FE002001230246552100901920B3
:10A0800000F0FEFB1CBD0000FDB100083DB2000861
:10A090007DB20008000048421CB51E2044490867F4
:10A0A000444800210B469622CDE900103221084693
:10A0B00000F0D0F9404800210B466422CDE90010A1
:10A0C0008221322000F0C6F9FBF76AFB55210D20F2
:10A0D000FBF748FDFBF764FB00213C209FED370AAE
:10A0E000FBF73AFE1E2032490867324800210B4632
:10A0F0007822CDE900105A21642000F0ABF95020FD
:10A100002B4908672B4800210B464FF49672CDE986
:10A1100000109621642000F09DF9294800210B468B
:10A120008222CDE900104FF48C71322000F092F9B8
:10A13000002003460246562100900C2000F0A0FBB0
:10A14000FBF72EFB00213C209FED1E0AFBF704FECF
:10A15000142001F0C3F9FBF723FB1B493C209FEDC2
:10A16000190AFBF7F9FD01F0A5F95A201049086713
:10A17000104800210B464FF49672CDE900106E2175
:10A18000642000F067F90C4800210B468222CDE9DB
:10A1900000104FF48C71322000F05CF9002003466F
:10A1A0000246552100902D2000F06AFB1CBD0000E6
:10A1B0001C0100204DB10008FDB10008000028C2BC
:10A1C0003DB20008000070427DB2000800BF054AA1
:10A1D000126802F04002002AF9D0C2B2014B5A6064
:10A1E00070470000001001402DE9F0412DED028B79
:10A1F00005460C4616461F46DDF8208001203349EF
:10A2000081F886010846856080F8806180F8827157
:10A21000012081F8810100EE104AB8EEC00A08461C
:10A2200080ED1D0AC0F89C81012081F868009FED37
:10A23000280A284880ED070A9FED250A264880ED68
:10A24000070A9FED230A254880ED070A2448F9F7FD
:10A2500071FB0EE01D4890ED170A10EE101A08462B
:10A26000F6F75AF941EC180B53EC182B1DA0FEF72A
:10A270006FFA164890F881010028EBD11848006861
:10A28000006900F0010020B16FF001001449096875
:10A2900008611348F9F7A2FB00231A46194618462D
:10A2A00000F026FE00200949C8669FED090A08460D
:10A2B00080ED1D0A002081F868000B494860886025
:10A2C000C8600861BDEC028BBDE8F0811C01002074
:10A2D000000000006003002080030020A003002095
:10A2E0007006002025660A00D40300202DE9F04105
:10A2F0002DED028B82B005460C4616461F46DDF852
:10A3000028800120364981F886010846C0F894511A
:10A3100080F8806180F88271072081F8810100EE69
:10A32000104AB8EEC00A084680ED1D0AC0F89C81AC
:10A33000002081F868009FED2B0A2B4880ED070A6A
:10A340009FED280A294880ED070A9FED260A284834
:10A3500080ED070A2748F9F7EDFA12E0204890ED62
:10A36000170A10EE101A0846F6F7D6F841EC180B4B
:10A370001B48D0F8900153EC182B00901EA0FEF75C
:10A38000E7F9174890F881010028E7D119480068DB
:10A39000006900F0010020B16FF001001549096863
:10A3A00008611448F9F71AFB00231A4619461846A3
:10A3B00000F09EFD00200A49C8669FED0A0A084683
:10A3C00080ED1D0A002081F868000D494860886012
:10A3D000C860086102B0BDEC028BBDE8F0810000EE
:10A3E0001C0100200000000060030020800300200A
:10A3F000A00300207006002025662C25640A0000BA
:10A40000D403002010B5142010490867104B002217
:10A4100011469620B0EE080AFBF7E0F937200B4909
:10A4200008670B4B00221146B420B0EE080AFBF778
:10A43000D5F90F2005490867054B00221146782001
:10A44000B0EE080AFBF7CAF910BD00001C0100209D
:10A450004DB100082DE9F0472DED068B84B0044680
:10A460000D4617469846DDE9129A0120654981F8A4
:10A470008601084680F8808180F88291082081F862
:10A48000810100EE105AB8EEC00A084680ED1D0AA0
:10A49000C0F89CA1012081F868009FED5B0A5B4831
:10A4A00080ED070A9FED580A594880ED070A9FED95
:10A4B000560A584880ED070A5748F9F73BFA002634
:10A4C00043E0504890F8810100B940E006FB06F0F7
:10A4D00000EE100AF8EEC00A00EE104AB8EEC00A0C
:10A4E00080EE801A00EE104AB8EEC00AC1EE000AF3
:10A4F000781B00EE100AB8EEC01A00EE105AB8EE43
:10A50000C00A01EE200A3F4880ED1D0A90ED1D0AA9
:10A5100010EE101A0846F5F7FFFF41EC180B39480A
:10A5200090ED170A10EE101A0846F5F7F5FF41EC0A
:10A53000190B8DED008B53EC192B38A0FEF708F9A1
:10A5400040F2E730F7F745FA761CA642B9DD00BFC6
:10A550002AE02C4890ED360AD0ED340A30EE600A3D
:10A5600010EE101A0846F5F7D7FF41EC180B2D48EE
:10A5700090ED070A10EE101A0846F5F7CDFF41ECF2
:10A58000190B234890ED070A10EE101A0846F5F74C
:10A59000C3FF41EC1A0B8DED028B8DED009B53EC4C
:10A5A0001A2B21A0FEF7D4F8164890F88101002854
:10A5B000CFD119480068006900F0010020B16FF0A8
:10A5C00001001549096808611348F9F707FA0023E3
:10A5D0001A461946184600F08BFC00200949C86647
:10A5E0009FED090A084680ED1D0A002081F86800E9
:10A5F000104948608860C860086104B0BDEC068BF3
:10A60000BDE8F0871C01002000000000600300206E
:10A6100080030020A00300207006002025662C2562
:10A62000660A0000E002002025662C25662C2566BF
:10A630000A000000D40300202DE9F05F2DED048B0B
:10A6400005460C4690461E469DED0E8AB0EE409A99
:10A65000DDE910ABDDF83C9000207C49087000EE8D
:10A66000104AB8EEC00A7A4880ED000A794880EDB9
:10A67000009A7948C0F800B0784912980860012023
:10A68000774981F886019FED770A084680ED630AD5
:10A6900080F8809180F882A1082081F8810100EE85
:10A6A000104AB8EEC00A084680ED1D0A6E48C1F88F
:10A6B0009C01012081F868009FED6A0A6B4880EDDB
:10A6C000070A9FED680A6A4880ED070A9FED650A50
:10A6D000684880ED070A6848F9F72CF9002D07DC77
:10A6E00000EE108AB8EEC00A5D4880ED1D0A32E027
:10A6F00000272DE05A4890F8810110B153480078A6
:10A7000000B127E007FB07F000EE100AF8EEC00AE0
:10A7100000EE105AB8EEC00A80EE801A00EE105A11
:10A72000B8EEC00AC1EE000AA8EB040000EE100A61
:10A73000B8EEC01A00EE104AB8EEC00A01EE200AC8
:10A74000474880ED1D0A40F2E730F7F742F97F1CD9
:10A75000AF42CFDD00BF00BF414890F8810118B182
:10A760003A4800780028F7D03D4890F88101C8B3F6
:10A7700036480078B0B33648D0ED008A002E05DCAC
:10A78000B8EEC80A364880ED1D0A2BE0002726E007
:10A79000334890F8810100B923E007FB07F000EE91
:10A7A000100AF8EEC00A00EE106AB8EEC00A80EE99
:10A7B000801A00EE106AB8EEC00AC1EE000AB8EEC8
:10A7C000C80A30EE681AB0EE680A01EE200A244882
:10A7D00080ED1D0A40F2E730F7F7FBF87F1CB74227
:10A7E000D6DD00BF00BF1E4890F881010028FAD1D5
:10A7F00021480068006900F0010020B16FF00100FD
:10A800001D49096808611C48F9F7E8F800231A4651
:10A810001946184600F06CFB00201149C8669FEDF0
:10A82000110A084680ED1D0A002081F86800C1F871
:10A830009C01124948608860C86008610649086048
:10A8400006490860BDEC048BBDE8F09FD0000020F5
:10A85000D4000020D8000020DC000020E000002010
:10A860001C0100200000000001920008600300208D
:10A8700080030020A003002070060020D4030020E5
:10A880002DE9F0412DED068B84B005460C461646A9
:10A890001F46DDF840800120454981F8860140F6D9
:10A8A0008C206843322190FBF1F04149086708464B
:10A8B00080F8806180F88271052081F8810100EEC6
:10A8C000104AB8EEC00A084680ED1D0AC0F89C8107
:10A8D000012081F868009FED370A374880ED070AAC
:10A8E0009FED340A354880ED070A9FED320A34485F
:10A8F00080ED070A3348F9F71DF82AE02C4890ED5F
:10A90000360AD0ED340A30EE600A10EE101A08460E
:10A91000F5F702FE41EC180B2B4890ED070A10EEFC
:10A92000101A0846F5F7F8FD41EC190B234890ED95
:10A93000070A10EE101A0846F5F7EEFD41EC1A0B67
:10A940008DED028B8DED009B53EC1A2B1FA0FDF7B4
:10A95000FFFE174890F881010028CFD11948006800
:10A96000006900F0010020B16FF00100154909688D
:10A9700008611448F9F732F800231A4619461846B8
:10A9800000F0B6FA00200A49C8669FED0A0A084698
:10A9900080ED1D0A002081F868000F49486088603A
:10A9A000C860086104B0BDEC068BBDE8F081000012
:10A9B0001C01002000000000600300208003002034
:10A9C000A003002070060020E002002025662C2550
:10A9D000662C25660A000000D40300201CB51E4822
:10A9E000012100236422CDE9001032210846FFF73F
:10A9F00031FD0020034602464B2100901420FFF752
:10AA00003FFFFAF7CDFE154800231A464B21009070
:10AA10001E20FFF735FFF6F711FF2B2010490867BE
:10AA200010494B20B7EE000AFBF7B0F80E4800784B
:10AA300080B1002128209FED0D0AFBF78DF9FAF770
:10AA4000AFFE002128209FED0A0AFBF785F90020C0
:10AA5000054908701CBD0000A5B1000825B3000819
:10AA60001C0100204DB10008B60000200000B442D7
:10AA70000000AE4210B52DED028B5F4890F88001CA
:10AA800000286DD15C4890F982115C48FBF770FAA0
:10AA9000594880ED010A90ED010AB5EEC00AF1EEC9
:10AAA00010FA57DB90ED010ADFED550AB4EEE00A2B
:10AAB000F1EE10FA4ED8014691ED1D0ABDEEC00A26
:10AAC00010EE100AFCF72EFD4B4890ED000AD0ED79
:10AAD000010A30EE600A80ED030A90ED050AD0ED20
:10AAE000030A20EE200A80ED170A90ED030AD0ED4C
:10AAF000040A30EE600AD0ED070A20EE200A80ED4D
:10AB0000190A90ED030A80ED040A90ED170AD0EDC2
:10AB1000190A30EE200A80ED630A90ED630ADFED3A
:10AB2000390AB4EEE00AF1EE10FA04DD9FED350AC1
:10AB300080ED630A5CE0304890ED630ADFED320A95
:10AB4000B4EEE00AF1EE10FA52D29FED2F0A80ED3A
:10AB5000630A4DE09FED2D0A274880ED630A47E028
:10AB6000254890F98001401C28BB234890F98401B6
:10AB700002283DDD204890ED620A10EE101A0846CA
:10AB8000F5F7CAFC41EC180B9FED210B53EC102B91
:10AB9000F5F7D6FC2CD01848D0ED531AB0EE611A58
:10ABA000D0ED511AF0EE610AD0ED621AB0EE610AF2
:10ABB000FCF794FB1CE0104890F98401022817DD93
:10ABC0000D4890ED620AFFEE000AB4EE600AF1EE65
:10ABD00010FA0DD0D0ED531AB0EE611AD0ED511A23
:10ABE000F0EE610AD0ED621AB0EE610AFCF776FB76
:10ABF000BDEC028B10BD00001C01002000040020F1
:10AC000019043041CDCC4C3FCDCC4CBF00000000EE
:10AC1000000000000000F0BF00B5B0EE401AB0EE3A
:10AC2000410A00F024F8D0ED000AB4EEE00AF1EE9B
:10AC300010FA06D8B0EE410A00F019F880ED000ACB
:10AC400014E0B0EE410A00F012F8B1EE400AD0ED87
:10AC5000000AB4EEE00AF1EE10FA07DBB0EE410AAA
:10AC600000F005F8B1EE400A80ED000A00BDF0EEFC
:10AC7000400AF5EEC00AF1EE10FA02D8B1EE600A11
:10AC80007047B0EE600AFBE71CB5F8F78BF8FDF7EC
:10AC90005BF8FBF7C1FEFBF78BFEFCF7D5F8FCF782
:10ACA0003DF9FBF7D3FDFCF717F8FCF753F8FCF779
:10ACB0008DF8FCF7E9F9FCF725FAFBF7BFFFFCF785
:10ACC00097F9FCF7BBF9FBF79FFFFBF787FDFCF754
:10ACD00067FAFCF79DFAFCF77FFA5948F8F72AFE65
:10ACE0000C2258495848F7F7E3FB00F0B1F9FCF79C
:10ACF00061FCFBF7C5FCF7F763F854A0FDF728FDEE
:10AD000054A0FDF725FD57A0FDF722FD3220F7F7EF
:10AD10001BFFF7F761F8584908703220F7F714FF66
:10AD20008CE055480078052808D1F6F75BFDFDF763
:10AD3000ADFC4348F8F752FEF6F756FE4E48007851
:10AD4000012818D1FCF7E0FE00F08EFB00F096FB26
:10AD500000F09AFB00F0A6FBFCF7D6FE00F084FBA7
:10AD600000F08CFB00F090FB00F09CFB012000F059
:10AD7000B5FB00BFFEE74048007802280ED1FCF783
:10AD8000C3FE00F071FB00F079FB00F07DFB00F0EA
:10AD900089FB012000F0A2FB00BFFEE736480078E7
:10ADA000032806D1FCF7B0FE142000F097FB00BF8B
:10ADB000FEE731480078042811D1F6F737FD4FF44B
:10ADC000FA7000F08BFBFAF7EBFC00231A461946E9
:10ADD00064209FED2A0AFAF701FD00BFFEE726482E
:10ADE000007808280ED1FCF78FFE00200090034663
:10ADF0006FF063026FF0590101906420FFF72AFBA6
:10AE000000BFFEE71C480078062817D1F6F706FDBC
:10AE10004FF4FA7000F062FB0FE0FDF737FC40F6EC
:10AE2000B83000F06FFBFDF76DFC15480078FCF7BB
:10AE3000C7FE41F28830F7F787FEEEE771E70000C2
:10AE4000B8060020E80300206004002001FFFFFF97
:10AE50000000000074302E7478743D226E6F22FF63
:10AE6000FFFF00007431332E7478743D224E554C30
:10AE70004C22FFFFFF0000000B000020000000003C
:10AE8000E90000202DE9F04787B004460D46DDE9D2
:10AE9000107C0F9E009401950292039304960597EF
:10AEA000CDF818C000211CE0002015E05DF82090CE
:10AEB00000F101085DF82880C1450CDD5DF82080B7
:10AEC00000F101095DF829904DF8209000F1010989
:10AED0004DF8298000BF401CC1F106088045E5DC23
:10AEE000491C0729E0DB039807B0BDE8F0870000A4
:10AEF00070B5002476E034B1012C1ED0022C38D07D
:10AF0000032C6CD14FE0B0F5617F02DB4FF4617030
:10AF100003E010F5617F00DA3448002806DB344D89
:10AF200028600025324E361D356058E00025304E31
:10AF300035604542361D356051E0B1F5617F02DB79
:10AF40004FF4617103E011F5617F00DA27490029B0
:10AF500007DB274D2D1F29600025254E083E356053
:10AF60003DE00025224E361F35604D42361F3560CC
:10AF700035E0B2F5617F02DB4FF4617203E012F558
:10AF8000617F00DA194A002A06DB1A4D2A60002583
:10AF9000184E361D356022E00025164E35605542AC
:10AFA000361D35601BE0B3F5617F02DB4FF4617342
:10AFB00003E013F5617F00DA0C4B002B07DB0D4D2E
:10AFC0002D1F2B6000250B4E083E356007E0002545
:10AFD000084E361F35605D42361F356000BF00BF2A
:10AFE000651CECB2042C86DB70BD00007CFCFFFF0E
:10AFF0003C0800403C0C0040114840681149496A37
:10B0000009B208440E494860084680684FF0804104
:10B01000496A09B249420844094988600846C0683B
:10B020000949096809B208440549C8600846006929
:10B030000649096809B24942084401490861704754
:10B04000D4030020000001402404014024040040F7
:10B0500010B53C211F48F8F7E3FE3C211E48F8F7E5
:10B06000DFFE3C211D48F8F7DBFE3C211C48F8F7C9
:10B07000D7FE00211B48F9F74BF904211948F9F7CD
:10B0800047F908211748F9F743F90C211548F9F752
:10B090003FF900211448F9F73BF904211248F9F768
:10B0A00037F908211048F9F733F90C210E48F9F760
:10B0B0002FF900210D48F9F72BF904210B48F9F776
:10B0C00027F900210A48F9F723F904210848F9F77C
:10B0D0001FF910BD0805002050050020980500202C
:10B0E00000070020E0050020280600204807002077
:10B0F000D80700201148406A00B21149486000207A
:10B100000E4948628803406A00B240420C49886098
:10B1100000204FF0804148620A48006800B20849A8
:10B12000C8600020074908600748006800B2404234
:10B13000034908610020044908607047000001408D
:10B14000C0030020240401402404004001201249CF
:10B1500081F868000846006F40F68C214843322190
:10B1600090FBF1F00C49C96E401A012811DC9FEDEB
:10B170000B0A094880ED1D0A0020074981F8680084
:10B18000074948608860C86008610349C8660120B3
:10B1900070470020FCE700001C01002000000000B8
:10B1A000D403002003480068012801D10020704723
:10B1B0000120FCE71802404203480068012801D141
:10B1C000002070470120FCE71C0240420448006850
:10B1D00010B10448006808B9012070470020FCE75E
:10B1E0001C0240420482404203480068012801D109
:10B1F000002070470120FCE70082404210B500208B
:10B20000F5F75EFBB0F5486F05DC0120F5F758FB5C
:10B21000B0F5486F0EDD08480068401C064908601C
:10B22000084600680A2803DD00200860012010BDE0
:10B230000020FCE70020FAE7AC00002010B50A204F
:10B24000F5F73EFBB0F5486F05DC0B20F5F738FB52
:10B25000B0F5486F0EDD08480068401C06490860DC
:10B2600008460068052803DD00200860012010BDA5
:10B270000020FCE70020FAE7AC00002010B5052014
:10B28000F5F71EFBB0F5486F05DC0620F5F718FB57
:10B29000B0F5486F0EDD08480068401C064908609C
:10B2A00008460068052803DD00200860012010BD65
:10B2B0000020FCE70020FAE7AC000020034800680B
:10B2C000012801D1002070470120FCE7080242421A
:10B2D0000448006810B10448006808B901207047AC
:10B2E0000020FCE7080242421C0240420648006877
:10B2F00030B10548001D006810B10448006808B965
:10B30000012070470020FCE7080242421C02404234
:10B3100003480068012801D1002070470120FCE7A4
:10B320000C02424210B50020F5F7CAFA40F6B831D7
:10B3300088425BDA0120F5F7C3FA40F6B83188425B
:10B3400054DA0220F5F7BCFA40F6B83188424DDAFB
:10B350000320F5F7B5FA40F6B831884246DA042002
:10B36000F5F7AEFA40F6B83188423FDA0520F5F736
:10B37000A7FA40F6B831884238DA0620F5F7A0FA85
:10B3800040F6B831884231DA0720F5F799FA40F6ED
:10B39000B83188422ADA0820F5F792FA40F6B83137
:10B3A000884223DA0920F5F78BFA40F6B831884253
:10B3B0001CDA0A20F5F784FA40F6B831884215DA2B
:10B3C0000B20F5F77DFA40F6B83188420EDA0848CE
:10B3D0000068401C0649086008460068142803DD20
:10B3E00000200860012010BD0020FCE70020FAE7E3
:10B3F000AC00002003480068012800D170470020FD
:10B40000FCE70000340241420748D0F89001401E9A
:10B410000549C1F890010846D0F8900108B901200B
:10B4200070470020FCE700001C0100200C48D0F809
:10B430009001401E0A49C1F890010846D0F89001D9
:10B44000002802DA0020C1F890010548D0F89001E8
:10B4500010B10448007808B1012070470020FCE7D3
:10B460001C010020E800002010B5FBF739F9FBF7BC
:10B4700043F900F05BF800F085FD10BD10B5FBF757
:10B480003DF800F05DF910BD10B500F07BFE00F056
:10B49000C7FB00F011FA00F0CDFA00F05BFF01F0FD
:10B4A0006FF810BD10B5FBF74BF800F021FCFFF76B
:10B4B00095FA10BD1CB50D20064908670648002105
:10B4C0000B465A22CDE9001028216420FEF7C2FF66
:10B4D0001CBD00001C0100204DB1000810B5044641
:10B4E0000548C0F89041FAF75BF9044900209FED48
:10B4F000040AFAF74BFB10BD1C01002009B4000838
:10B500000000000010B504460548C0F89041FAF765
:10B5100047F9044900209FED040AFAF737FB10BDF4
:10B520001C0100202DB400080000000000B585B00B
:10B530003C20774908677748012300226E2100905C
:10B540003C20FFF79DF9FAF72BF900213C20BBEED8
:10B550000E0AFAF701FC0020012302467821009030
:10B560001846FEF7C3FE0020034602465A2100900B
:10B570005020FFF785F90020034602465A2100902B
:10B580002320FFF77DF90020034602465A21009050
:10B590007820FFF775F95F4800210B464FF48C7255
:10B5A000CDE9001096216420FEF754FF00200346E9
:10B5B00002464FF4967100903220FFF761F955482A
:10B5C0004FF0FF3100236E22CDE900104FF4967149
:10B5D0006420FEF73FFF0A204D4908674E484FF0B0
:10B5E000FF3100236422CDE900106E213220FEF7E6
:10B5F00031FF0020431E0246552100903220FFF704
:10B600003FF9F6F713F93220414908674248002113
:10B610000B46FA22CDE9001096216420FEF71AFFAE
:10B62000F6F72CF93C203A4908673B4800210B46C5
:10B630009622CDE90010FA213220FEF70BFF3748A1
:10B6400000231A46502100902820FFF719F93348AB
:10B6500000231A46282100900520FFF711F9322017
:10B66000FFF73CFF00200346421E6FF04F010090A1
:10B670000F20FFF705F92A48007808B9FDF706F80A
:10B680000020234981F880012548007810B1254821
:10B69000007840B140F6B830FFF734FFFDF732F8DC
:10B6A0000120FDF73DF81E490878FCF789FAF6F706
:10B6B000ABF81D480088FFF711FF00200346421E2B
:10B6C0006FF0630100901420FFF7DAF8174818496B
:10B6D0000022531ECDE90132CDE903106FF0F900CD
:10B6E0009FED140A3223144A6FF06301009018464C
:10B6F000FEF7A2FF6FF0C7010820FAF733FA002126
:10B7000046209FED0E0AFAF727FB05B000BD0000AA
:10B710001C0100203DB200084DB10008F5B300083F
:10B72000EA000020E8000020B4000020CDB10008AD
:10B73000EDB2000800000000A2FEFFFF00000CC2F6
:10B740001CB54F480068032803D11420FFF7C6FE3C
:10B7500022E04C4800210B464FF48C72CDE90010DA
:10B760005A216420FEF776FE502047490867474873
:10B7700000210B466E22CDE900104FF48C71502051
:10B78000FEF768FE0020034602465021009001208B
:10B79000FEF7ACFDFAF704F8002003460246462106
:10B7A00000901E20FFF76CF83220374908673749B0
:10B7B0004B20B7EE000AFAF7E9F935494B20B7EE0E
:10B7C000000AFAF7E3F933A10020FCF7B7F9F6F71E
:10B7D0003DF8C820FFF782FE01F09EF8F6F726F844
:10B7E000F6F712F8FDF7ECFDF6F720F8F6F70CF88F
:10B7F000122025490867254800210B465A22CDE929
:10B80000001028216420FEF725FE284800210B4661
:10B810004FF48C72CDE900106E213220FEF71AFE33
:10B820000020034602464FF48C7100903C20FFF745
:10B8300027F81E4800210B466E22CDE900104FF478
:10B840008C716420FEF706FE002003460246552157
:10B8500000900F20FFF714F8F9F7A2FF00213C2019
:10B860009FED130AFAF778FA1420FFF737FEF9F77D
:10B8700097FF10493C209FED0E0AFAF76DFA1CBDA8
:10B88000A80000203DB200081C0100204DB10008B6
:10B89000F5B300085B7631365D5B74355DB5BDB4DC
:10B8A000EFCEE5BAC5C6BDCCA8000000FDB10008CA
:10B8B000000034427DB200081CB5F5F7B7FF8220C6
:10B8C00056490867564800210B469622CDE90010DC
:10B8D00032215020FEF7BEFD524800210B466E2259
:10B8E000CDE9001096213220FEF7B4FDF9F758FF9C
:10B8F00055210E20FAF736F9F9F752FF00213C20C6
:10B900009FED490AFAF728FA1420FFF7E7FDF9F747
:10B9100047FF46493C209FED440AFAF71DFAFFF71E
:10B92000C9FD32203D4908673D4801210023C82256
:10B93000CDE900106E213220FEF78CFD3C4801213C
:10B9400000236E22CDE90010C8213220FEF782FDCF
:10B950000020034602465A2100903C20FEF790FF4B
:10B96000002003460246462100903220FEF788FF61
:10B9700032202A4908672A48012100234FF48C729B
:10B98000CDE9001032216420FEF764FD2548012135
:10B9900000236E22CDE90010FA213220FEF75AFD75
:10B9A000F9F7FEFE55210C20FAF7DCF8F9F7F8FE5E
:10B9B00000213C209FED1C0AFAF7CEF91420FFF776
:10B9C0008DFDF9F7EDFE19493C209FED170AFAF7B6
:10B9D000C3F9FFF76FFD0020034602466E21009079
:10B9E0004FF44060FEF700FCF9F7DAFE55210E2017
:10B9F000FAF7B8F8F9F7D4FE002132209FED0A0AD1
:10BA0000FAF7AAF91420FFF769FDF9F7C9FE07490B
:10BA100032209FED050AFAF79FF91CBD1C0100209A
:10BA20004DB100083DB20008000034C27DB20008EC
:10BA3000A5B100081CB5F5F7F9FEF5F7E5FEFFF72F
:10BA400039FD694800210B468222CDE900106E21A4
:10BA50003220FEF7FFFC0020034602464121009001
:10BA6000B420FEF70DFF002003460246642100903B
:10BA70000120FEF73BFC50205C4908675C48002130
:10BA80000B468222CDE9001064219620FEF7E2FCED
:10BA9000F9F786FE574800210B466422CDE90010D5
:10BAA00082219620FEF7D6FC322050490867504983
:10BAB00046209FED510AFAF769F8504946209FED5C
:10BAC0004E0AFAF763F8F5F7B9FE4DA10020FCF72E
:10BAD00035F8F5F7BBFEC820FFF700FDF9F760FE6B
:10BAE00000212D209FED4C0AFAF736F91420FFF7BC
:10BAF000F5FCF9F755FE00212D209FED480AFAF7D5
:10BB00002BF9F9F74DFEF5F791FEF5F77DFE1420C0
:10BB100036490867364932209FED370AFAF736F87A
:10BB2000002003460246142100900A20FEF7A8FEDA
:10BB3000002003460246322100901420FEF7A0FEAA
:10BB4000002003460246502100901E20FEF798FE7A
:10BB5000002003460246822100902820FEF790FE36
:10BB6000002003460246962100901420FEF788FE2E
:10BB7000F5F75CFE0020034602468221009001207A
:10BB8000FEF7B4FB0020034602463C210090BE2095
:10BB9000FEF776FE1E20154908671548012100238F
:10BBA0004FF48772CDE9001064215020FEF752FC5B
:10BBB0000D48012100236E22CDE90010DC21502028
:10BBC000FEF748FC0020034602464B210090462029
:10BBD000FEF756FE0020034602464B210090372018
:10BBE000FEF74EFE1CBD0000A5B100081C010020A0
:10BBF0004DB1000825B3000800000000F5B30008AF
:10BC00005B7631365D5B74355DB5BDB4EFC6DFBACA
:10BC1000C5C6BDCCA80000000000B4420000B84278
:10BC20001CB5FFF747FC46202B4908672B4801212C
:10BC30000023FA22CDE900106E213220FEF70AFC23
:10BC40002748012100236E22CDE90010B4215020A5
:10BC5000FEF700FC0020034602465A2100905020C7
:10BC6000FEF70EFE002003460246462100902820E3
:10BC7000FEF706FE322018490867184800210B46D7
:10BC8000C822CDE9001096213220FEF7E3FB1548CB
:10BC900000210B466E22CDE9001096213220FEF7DE
:10BCA000D9FBF9F77DFD55210E20F9F75BFFF9F778
:10BCB00077FD00213C209FED0C0AFAF74DF8142087
:10BCC000FFF70CFCF9F76CFD08493C209FED060AD4
:10BCD000FAF742F81CBD00001C0100204DB100081D
:10BCE000A5B100083DB20008000034C27DB20008D2
:10BCF00000B585B0F5F788FD14208E4908678E4899
:10BD000000210B467822CDE9001064210846FEF799
:10BD1000A1FB502087490867874800210B464FF454
:10BD2000A072CDE9001096216420FEF793FB00205D
:10BD3000034602464FF48C7100905020FEF7A0FDA0
:10BD4000F5F79CFD7D4800210B469622CDE90010B9
:10BD5000FA213220FEF77EFB794800231A46502153
:10BD600000901E20FEF78CFD754800231A462821FE
:10BD700000900820FEF784FD3220FFF7AFFB002083
:10BD80000346421E6FF04F0100900F20FEF778FD32
:10BD90006C48007908B9FCF779FC0020654981F806
:10BDA00080016848007910B16748007840B14FF4CD
:10BDB000E160FFF7A7FBFCF7A5FC0520FCF7B0FC52
:10BDC00060490879FBF7FCFEF5F71EFD5F48008827
:10BDD000FFF784FB00200346421E6FF063010090D2
:10BDE0001420FEF74DFD5A485A490022531ECDE952
:10BDF0000132CDE903106FF0F9009FED570A3223AD
:10BE0000564A911000901846FEF716FC6FF0C701D5
:10BE10000820F9F7A7FEF9F7C3FC00212820B3EEAC
:10BE20000B0AF9F799FFFFF745FB502041490867D6
:10BE300041484FF0FF3100234FF4A072CDE90010CC
:10BE40005A216420FEF706FB0020034602464FF409
:10BE5000A07100902820FEF713FD414800210B46F9
:10BE60006E22CDE900104FF48C716420FEF7F2FAD7
:10BE700000F07AFD3BA10020FBF760FEF5F7E6FC41
:10BE8000C820FFF72BFB00F047FDFDF799FAF5F707
:10BE9000BBFCFFF70FFB394800210B464FF4A072A3
:10BEA000CDE900105A216420FEF7D4FA00200346A1
:10BEB00002464FF4A07100900A20FEF7E1FC3048E2
:10BEC00000210B466E22CDE900104FF496715020F0
:10BED000FEF7C0FA0020431E024655210090322092
:10BEE000FEF7CEFC1E484FF0FF3100238222CDE941
:10BEF000001055213220FEF7ADFA0020034602461D
:10BF0000462100906420FEF7BBFC1D4800210B4633
:10BF10008222CDE9001046213220FEF79BFA002054
:10BF200001230246552100901E20FEF7A9FC05B012
:10BF300000BD00001C0100204DB10008E9B100085F
:10BF4000F5B30008EA000020E8000020B40000205B
:10BF5000CDB1000811B300080000000070FEFFFF23
:10BF6000A5B100085B7631365D5B74355DB5BDB457
:10BF7000EFC8FDBAC5C6BDCCA80000003DB20008A0
:10BF8000FDB100081CB50F206F4908676F480121FB
:10BF900000236E22CDE900103C216420FEF75AFAFE
:10BFA000142069490867694800210B46DC22CDE965
:10BFB000001082215020FEF74DFA654800210B4603
:10BFC0006E22CDE90010C8213220FEF743FAF9F7BE
:10BFD000E7FB002003460246462100901E20FEF7A4
:10BFE0004FFC1E205849086758494B209FED590ABD
:10BFF000F9F7CCFD58494B20B9EE080AF9F7C6FD10
:10C00000F5F71CFC55A10020FBF798FDF5F71EFC89
:10C01000C820FFF763FA00F07FFCF5F707FCF5F79F
:10C02000F3FBF9F7BDFB0F2047490867474932206A
:10C03000B7EE000AF9F7AAFD0020034602463221B6
:10C0400000900846FEF71CFC0020034602465521DE
:10C0500000901420FEF714FC0F203B4908673B4872
:10C0600000210B46C822CDE9001096216420FEF77E
:10C07000F1F9404800210B464FF49672CDE90010CB
:10C08000C8216420FEF7E6F93B480068032803D086
:10C0900039480068042839D10020034602464FF48D
:10C0A000967100904120FEF7EBFB344801210023FC
:10C0B0004FF4AF72CDE900104FF496713220FEF7C5
:10C0C000C9F92C4800231A464FF4AF710090642040
:10C0D000FEF7D6FB294800210B469622CDE9001039
:10C0E0004FF4AF711046FEF7B5F9254800231A4604
:10C0F0006E2100903220FEF7C3FB0020034602466B
:10C10000552100900A20FEF7BBFB1BE000200346F0
:10C1100002464FF4967100904120FEF7B1FB17489C
:10C1200000210B466E22CDE900104FF49671642079
:10C13000FEF790F9124800231A46552100900F206F
:10C14000FEF79EFB1CBD00001C0100204DB1000845
:10C15000A5B1000800000000F5B300085B7631339C
:10C160005D5B74355DB5BDB4EFCBC4BAC5C6BDCC9F
:10C17000A80000003DB20008A8000020FDB10008A2
:10C18000CDB100081CB5FFF795F9514800210B46C9
:10C190006E22CDE900105A213220FEF75BF9002013
:10C1A00003460246552100900D20FEF769FB4948E1
:10C1B000407818B9F5F762FBFCF768FAF9F7F0FA7E
:10C1C000002141209FED440AF9F7C6FD1420FFF736
:10C1D00085F9F9F7E5FA414941209FED3F0AF9F762
:10C1E000BBFD002003460246322100900520FEF7E9
:10C1F00047FB3848407810B13948007860B10020DA
:10C20000384981F8800140F6B830FFF77BF9FCF738
:10C2100079FA0220FCF784FA334800231A464621B3
:10C2200000902820FEF72CFB2A494878FBF7C8FC31
:10C23000F5F7EAFA2D480088FFF750F92C496FF01E
:10C240003B009FED2C0AF9F7A1FCF9F7A9FA0021B0
:10C2500041209FED290AF9F77FFD1420FFF73EF9F1
:10C26000F9F79EFA1D4941209FED230AF9F774FD65
:10C2700028201C490867214800210B468222CDE96D
:10C28000001032216420FEF7E5F8114800231A4619
:10C29000822100903220FEF7F3FAF9F781FA5A2151
:10C2A0000C20F9F75FFCF9F77BFA002146209FED9F
:10C2B000120AF9F751FD1420FFF710F9F9F770FA97
:10C2C000064946209FED0C0AF9F746FD1CBD00000B
:10C2D0003DB20008EA000020000034C27DB2000830
:10C2E000E80000201C010020F5B30008B400002085
:10C2F000B9B1000800000000000034424DB1000850
:10C3000008B5F5F781FA002003460246782100902F
:10C310002820FEF7B5FA0020034602469621009039
:10C320000320FDF761FF002003460246962100909E
:10C330001E20FEF7A5FAF9F733FA0020034602465D
:10C34000782100900120FDF7D1FF3220FFF7C6F8D9
:10C3500008BD00001CB5F5F757FA794800210B46D7
:10C36000E622CDE900104B215020FEF773F8754806
:10C3700000210B466422CDE90010C8213220FEF7CF
:10C3800069F8F9F70DFA50206F4908676F480021E6
:10C390000B468C22CDE900106E219620FEF75AF84C
:10C3A0006B4800210B466E22CDE900108C219620AF
:10C3B000FEF750F8282064490867644946209FED3D
:10C3C000650AF9F7E3FB5F4946209FED620AF9F73A
:10C3D000DDFB50205C4908675C4800210B46822247
:10C3E000CDE900105A219620FEF734F85848002174
:10C3F0000B465A22CDE9001082219620FEF72AF83A
:10C40000192051490867514946209FED520AF9F712
:10C41000BDFB51494620B2EE0E0AF9F7B7FBF5F71E
:10C420000DFA4EA10020FBF789FBF5F70FFA4FF448
:10C430009670FFF753F800211E209FED4E0AF9F782
:10C440008BFC1420FFF74AF8F9F7AAF900211E2007
:10C450009FED490AF9F780FCF5F7E8F9F5F7D4F90B
:10C46000F9F79EF90F2038490867384932209FEDC7
:10C47000390AF9F78BFB002003460246142100908D
:10C480000846FEF7FDF900200346024632210090DF
:10C490000A20FEF7F5F900200346024650210090DD
:10C4A0001E20FEF7EDF92A4800231A466E2100905F
:10C4B0001E20FEF7E5F9F9F773F9322022490867E3
:10C4C00022495A20B7EE000AF9F760FB0020034624
:10C4D0000246142100900F20FEF7D2F900200346F7
:10C4E0000246322100900F20FEF7CAF900200346D1
:10C4F0000246642100901E20FEF7C2F90020034688
:10C500000246822100904620FEF7BAF91B4800231C
:10C510001A46822100904620FEF7B2F90020034619
:10C520000246462100901C20FEF7AAF9F9F738F9D7
:10C5300000213C20BBEE090AF9F70EFC1CBD0000EF
:10C540003DB20008A5B100081C0100204DB1000853
:10C5500025B3000800000000F5B300085B76313613
:10C560005D5B74355DB5BDB4EFB0CBBAC5C6BDCCAF
:10C57000A80000000000B4C20000B0C2FDB1000875
:10C5800000B585B0F5F752F9F9F70AF91420D14949
:10C590000867D1496FF063009FEDD00AF9F7F8F909
:10C5A000CF48D0490022531ECDE90132CDE9031016
:10C5B0006FF0F9009FEDC90A3223CB4A9110009029
:10C5C0001846FEF739F8F9F7EBF8002150209FEDF7
:10C5D000C70AF9F7C1FB1420FEF780FFF9F7E0F86E
:10C5E000C34950209FEDC10AF9F7B6FBFEF762FF81
:10C5F0008C20B8490867B84800210B467822CDE95D
:10C6000000105A213220FDF725FF00200346024684
:10C61000782100904FF44060FDF7E6FDF9F7C0F88F
:10C6200055210E20F9F79EFAF9F7BAF8B0493220F1
:10C630009FEDB00AF9F790FBFEF73CFF3720A549C4
:10C640000867A548012100234FF48772CDE9001047
:10C650005A213220FDF7FEFEA748012100236E2259
:10C66000CDE90010E6213220FDF7F4FEF9F798F845
:10C6700055210C20F9F776FAF9F792F89C49282011
:10C680009FED9C0AF9F768FBFEF714FF6E209149B5
:10C690000867914800210B466422CDE900105A2119
:10C6A0003220FDF7D7FE1E208A4908678A480021FC
:10C6B0000B464FF48772CDE9001078213220FDF748
:10C6C000C9FE8D4800210B466E22CDE90010FA21EB
:10C6D0003220FDF7BFFEF9F763F855210D20F9F779
:10C6E00041FA8648807818B9F5F7C8F8FBF7CEFF0D
:10C6F000F9F756F800213C209FED810AF9F72CFB51
:10C700001420FEF7EBFEF9F74BF879493C209FED3A
:10C710007C0AF9F721FB00200346024632210090F3
:10C720000520FEF7ADF87548807810B1754800789F
:10C7300060B140F6B830FEF7E5FE0020654981F8AB
:10C740008001FBF7DFFF0320FBF7EAFF6E480023C1
:10C750001A46462100902820FEF792F8674988780B
:10C76000FBF72EFAF5F750F868480088FEF7B6FE9A
:10C77000F9F716F866496FF045009FED580AF9F78A
:10C7800005FAF9F70DF800213C209FED620AF9F750
:10C79000E3FA1420FEF7A2FEF9F702F854493C2010
:10C7A0009FED5C0AF9F7D8FAFEF784FE52480121A2
:10C7B00000238222CDE900106E213220FDF74AFECF
:10C7C000F8F7EEFF55210C20F9F7CCF9F8F7E8FF60
:10C7D00047493C209FED470AF9F7BEFAFAF738FDC2
:10C7E000FEF768FE444800210B468222CDE9001086
:10C7F0006E213220FDF72EFE002003460246322134
:10C8000000900E20FEF73CF83C48C07818B9F5F7C8
:10C8100035F8FBF73BFFF8F7C3FF002141209FED00
:10C82000380AF9F799FA1420FEF758FEF8F7B8FF1E
:10C830002F4941209FED320AF9F78EFA0020034676
:10C840000246322100900520FEF71AF8F8F7A8FFFB
:10C850002A48C07810B12B48007860B140F6B83053
:10C86000FEF750FE00201B4981F88001FBF74AFFCC
:10C870000420FBF755FF244800231A464621009068
:10C880002820FDF7FDFF1D49C878FBF799F9F4F75B
:10C89000BBFF1E480088FEF721FE1D496FF03B00DC
:10C8A0009FED0E0AF9F772F9F8F77AFF00213C20A4
:10C8B0009FED130AF9F750FA1420FEF70FFEF8F770
:10C8C0006FFF0B493C209FED0E0AF9F745FA05B0C2
:10C8D00000BD00001C0100204DB100080000000058
:10C8E000CDB10008BDB2000870FEFFFF000020C2FD
:10C8F0007DB200080000BEC23DB20008EA00002080
:10C90000000034C2E8000020F5B30008B4000020A5
:10C91000B9B100080000344210B500212D209FED70
:10C92000080AF9F719FA1420F6F70EF9F8F738FFA4
:10C9300000212D209FED020AF9F70EFA10BD00002C
:10C940000000B4C210B5412005490867054B00221C
:10C9500011464620B0EE080AF8F740FF10BD00006F
:10C960001C0100204DB1000808B500200346024616
:10C970004B2100901420FDF783FFF8F711FF0D48BD
:10C9800000231A464B2100901E20FDF779FF1E2040
:10C990000949086709494B20B7EE000AF9F7F6F88C
:10C9A00007494B20B7EE000AF9F7F0F8F4F746FF15
:10C9B00008BD000025B300081C0100204DB100088F
:10C9C000F5B300080006101600061016000000005F
:10C9D000000000000102030406070809000000002F
:10C9E0000102030404CA0008000000201C0100002A
:10C9F000E887000820CB00081C010020BC0C0000C8
:10CA0000F8870008B4000000840300000000000064
:10CA10000000000000000000000000000000000016
:10CA200000000000000000001000000001000000F5
:10CA30000024F400800C0000800C0000800C00003A
:10CA4000800C0000800C0000800C0000800C0000B6
:10CA5000800C0000800C0000800C0000800C0000A6
:10CA6000800C0000800C0000800C0000E803000037
:10CA7000E8030000E8030000F4010000DC0500000A
:10CA80001A040000DC0500006C0700007E040000B2
:10CA9000B0040000E8030000C8000000C800000067
:10CAA000F4010000C8000000900100000000000038
:10CAB000000000000000000040060100000000002F
:10CAC0000000000000000000000000000000000066
:10CAD0000000000000000000000000000000000056
:10CAE0000000000000000000000000000000000046
:10CAF0000000000100000000000000000000000035
:10CB00000000000000000000000000000000000025
:10CB100000000000F97C0008A57C0008000000006F
:040000050800018965
:00000001FF
